id,games_played,player_id,season,min,fgm,fga,fg3m,fg3a,ftm,fta,oreb,dreb,reb,ast,stl,blk,turnover,pf,pts,fg_pct,fg3_pct,ft_pct
1,6,3547197,2022,8:50,0.17,1.67,0.17,0.67,0.0,0.0,1.0,0.67,1.67,1.33,0.83,0.0,0.5,1.5,0.5,0.1,0.25,0.0
2,2,78,2022,3:00,0.0,1.0,0.0,0.5,0.0,0.0,0.0,0.0,0.0,0.0,0.0,0.0,0.0,0.0,0.0,0.0,0.0,0.0
3,1,666894,2022,3:00,1.0,1.0,0.0,0.0,0.0,0.0,0.0,0.0,0.0,0.0,0.0,0.0,1.0,2.0,2.0,1.0,0.0,0.0
4,1,38017678,2022,1:00,0.0,0.0,0.0,0.0,0.0,0.0,0.0,0.0,0.0,0.0,0.0,0.0,0.0,0.0,0.0,0.0,0.0,0.0
5,23,459,2022,7:26,0.48,1.04,0.04,0.17,0.09,0.09,0.78,1.3,2.09,0.3,0.09,0.35,0.48,1.52,1.09,0.458,0.25,1.0
6,1,38017723,2022,5:00,0.0,0.0,0.0,0.0,0.0,0.0,0.0,1.0,1.0,0.0,0.0,0.0,2.0,1.0,0.0,0.0,0.0,0.0
7,4,240,2022,7:30,0.75,1.5,0.0,0.5,0.25,0.5,0.5,2.0,2.5,0.25,0.25,0.0,1.0,0.75,1.75,0.5,0.0,0.5
8,5,2202,2022,5:36,0.2,1.2,0.2,1.0,0.4,0.4,0.2,0.6,0.8,1.0,0.0,0.4,0.2,0.0,1.0,0.167,0.2,1.0
9,9,38017713,2022,9:26,1.0,3.11,0.33,1.67,0.78,1.0,0.33,1.0,1.33,1.22,0.11,0.0,0.78,0.67,3.11,0.321,0.2,0.778
10,10,666523,2022,13:54,1.7,4.3,0.1,1.2,0.9,1.3,1.0,2.8,3.8,0.6,0.6,0.2,0.7,1.4,4.4,0.395,0.083,0.692
11,2,38017738,2022,4:00,0.5,1.0,0.0,0.0,0.0,1.0,1.0,0.0,1.0,0.5,0.0,0.0,1.0,1.0,1.0,0.5,0.0,0.0
12,3,133,2022,2:40,1.33,1.67,0.33,0.67,0.0,0.0,0.33,0.33,0.67,0.0,0.0,0.0,0.0,0.0,3.0,0.8,0.5,0.0
13,9,465,2022,16:00,2.67,6.33,0.78,3.11,1.89,2.33,0.33,1.44,1.78,2.11,0.22,0.22,0.44,1.22,8.0,0.421,0.25,0.81
14,1,233,2022,5:00,0.0,3.0,0.0,1.0,0.0,0.0,1.0,1.0,2.0,1.0,0.0,0.0,0.0,0.0,0.0,0.0,0.0,0.0
15,4,72,2022,6:15,0.0,1.0,0.0,0.5,0.0,0.0,0.75,1.25,2.0,0.5,0.75,0.0,0.0,1.0,0.0,0.0,0.0,0.0
16,4,17896051,2022,23:30,2.25,6.5,0.75,3.0,1.75,2.25,0.5,2.75,3.25,4.5,0.25,0.5,2.75,2.0,7.0,0.346,0.25,0.778
17,2,17554006,2022,3:00,0.5,1.0,0.5,0.5,0.0,0.0,0.0,0.0,0.0,0.5,0.5,0.0,0.0,0.5,1.5,0.5,1.0,0.0
18,3,17896007,2022,3:00,0.33,0.33,0.0,0.0,0.67,0.67,0.0,0.33,0.33,0.0,0.0,0.0,0.0,0.0,1.33,1.0,0.0,1.0
19,8,3547304,2022,6:37,0.38,1.63,0.38,1.38,0.13,0.25,0.0,0.25,0.25,1.13,0.75,0.0,0.38,0.38,1.25,0.231,0.273,0.5
20,23,235,2022,4:36,0.3,1.17,0.22,0.87,0.04,0.09,0.09,0.65,0.74,0.43,0.17,0.17,0.09,0.3,0.87,0.259,0.25,0.5
21,30,243,2022,15:40,2.17,4.07,0.6,1.33,0.87,1.3,0.73,2.43,3.17,2.23,0.53,0.2,1.1,1.6,5.8,0.533,0.45,0.667
22,25,159,2022,10:43,1.2,3.32,0.56,1.84,0.6,0.6,0.16,0.44,0.6,0.68,0.28,0.08,0.48,0.88,3.56,0.361,0.304,1.0
23,16,223,2022,11:41,1.63,3.38,0.38,1.13,0.5,0.81,0.94,1.81,2.75,0.25,0.13,0.44,0.69,1.44,4.13,0.481,0.333,0.615
24,34,467,2022,22:08,4.06,9.94,0.97,3.21,2.26,3.32,0.41,2.29,2.71,5.24,0.79,0.35,2.35,1.74,11.35,0.408,0.303,0.681
25,16,17896028,2022,5:48,0.69,1.75,0.06,0.44,0.31,0.75,0.13,1.06,1.19,0.19,0.25,0.31,0.44,0.81,1.75,0.393,0.143,0.417
26,14,4197356,2022,4:55,0.21,1.43,0.0,0.29,0.0,0.0,0.36,0.21,0.57,0.5,0.21,0.07,0.5,0.71,0.43,0.15,0.0,0.0
27,56,237,2022,35:42,11.09,22.14,2.21,6.84,4.54,5.89,1.18,7.16,8.34,6.8,0.91,0.61,3.27,1.66,28.93,0.501,0.324,0.77
28,7,203,2022,9:51,1.43,4.14,0.43,1.29,0.57,0.71,0.57,1.0,1.57,0.0,0.14,0.29,0.14,1.57,3.86,0.345,0.333,0.8
29,8,224,2022,14:22,0.88,1.88,0.13,1.13,0.25,0.38,0.38,1.75,2.13,2.38,0.5,0.38,1.13,1.38,2.13,0.467,0.111,0.667
30,59,367,2022,32:03,4.98,11.32,1.66,4.42,2.25,2.71,0.46,3.8,4.25,8.88,1.54,0.37,1.93,2.14,13.88,0.44,0.375,0.831
31,56,171,2022,14:34,1.95,5.13,0.59,2.32,0.75,0.88,0.59,2.32,2.91,1.02,0.34,0.32,0.66,1.21,5.23,0.38,0.254,0.857
32,57,286,2022,31:02,3.67,8.88,2.0,5.65,2.12,2.46,0.75,3.33,4.09,5.04,1.02,0.37,1.82,2.6,11.46,0.413,0.354,0.864
33,75,450,2022,25:32,1.28,3.0,0.73,1.87,0.25,0.31,1.27,2.67,3.93,0.8,0.52,0.2,0.59,2.4,3.55,0.427,0.393,0.826
34,47,140,2022,35:34,10.28,18.34,1.98,4.89,6.53,7.11,0.36,6.3,6.66,5.0,0.72,1.43,3.32,2.11,29.06,0.56,0.404,0.919
35,67,214,2022,32:33,7.31,15.27,2.36,6.13,2.27,2.64,1.16,3.91,5.07,7.39,1.16,0.37,2.94,1.73,19.25,0.479,0.384,0.859
36,48,173,2022,9:58,1.35,2.6,0.17,0.5,0.63,0.88,0.67,1.27,1.94,0.71,0.31,0.25,0.54,1.75,3.5,0.52,0.333,0.714
37,69,45,2022,27:03,2.1,5.35,1.17,3.57,0.68,0.94,0.65,3.0,3.65,2.88,0.93,0.61,0.88,2.83,6.06,0.393,0.329,0.723
38,11,184,2022,12:43,2.0,4.45,1.45,3.36,0.09,0.09,0.27,1.0,1.27,0.55,0.55,0.27,0.91,1.55,5.55,0.449,0.432,1.0
39,40,319,2022,14:09,2.15,5.23,1.23,3.35,0.63,0.75,0.2,0.9,1.1,1.4,0.38,0.08,0.75,0.8,6.15,0.411,0.366,0.833
40,25,436,2022,6:26,0.72,1.8,0.44,1.04,0.12,0.16,0.2,0.48,0.68,0.52,0.4,0.08,0.16,0.6,2.0,0.4,0.423,0.75
41,52,301,2022,15:40,1.12,3.08,0.75,2.38,0.46,0.54,0.65,1.54,2.19,0.65,0.37,0.25,0.35,1.37,3.44,0.363,0.315,0.857
42,4,666463,2022,10:00,2.0,3.5,1.0,2.25,0.5,0.5,0.25,1.25,1.5,0.75,0.0,0.5,0.5,0.75,5.5,0.571,0.444,1.0
43,50,204,2022,31:30,5.52,11.62,1.04,3.2,2.58,3.18,0.66,3.64,4.3,4.12,0.84,0.24,1.98,1.4,14.66,0.475,0.325,0.811
44,42,206,2022,14:41,1.14,2.71,0.4,1.6,0.21,0.38,0.64,2.29,2.93,0.6,0.38,0.14,0.36,1.02,2.9,0.421,0.254,0.563
45,56,172,2022,34:39,8.2,17.93,2.82,7.61,4.57,5.25,0.8,5.3,6.11,5.14,1.48,0.36,3.14,2.84,23.79,0.457,0.371,0.871
46,43,422,2022,9:15,1.21,3.05,0.05,0.28,0.05,0.09,0.12,1.14,1.26,2.33,0.19,0.16,1.02,0.77,2.51,0.397,0.167,0.5
47,61,48,2022,14:16,1.95,3.38,0.0,0.0,0.41,1.15,1.46,2.8,4.26,0.92,0.3,1.44,0.84,1.87,4.31,0.578,0.0,0.357
48,12,60,2022,2:55,0.5,1.0,0.25,0.42,0.33,0.33,0.08,0.83,0.92,0.0,0.08,0.08,0.08,0.17,1.58,0.5,0.6,1.0
49,42,666873,2022,11:20,1.6,3.69,0.43,1.43,0.48,0.98,0.5,2.05,2.55,0.93,0.43,0.19,0.74,1.26,4.1,0.432,0.3,0.488
50,7,666881,2022,23:00,3.71,8.14,1.14,4.43,1.29,1.86,0.0,4.29,4.29,2.14,0.86,0.29,1.43,2.43,9.86,0.456,0.258,0.692
51,11,3547252,2022,2:32,0.18,0.73,0.0,0.0,0.18,0.18,0.27,0.73,1.0,0.27,0.18,0.18,0.18,0.45,0.55,0.25,0.0,1.0
52,65,328,2022,28:03,4.22,9.89,1.72,4.74,1.05,1.34,0.45,3.52,3.97,1.75,0.65,0.32,0.86,2.09,11.2,0.426,0.364,0.782
53,52,274,2022,33:33,8.58,16.75,2.0,4.81,4.67,5.37,1.1,5.4,6.5,3.92,1.38,0.54,1.69,1.62,23.83,0.512,0.416,0.871
54,84,460,2022,33:32,7.25,13.94,1.44,4.19,1.6,1.9,1.9,9.11,11.01,3.21,0.73,0.69,1.68,2.2,17.54,0.52,0.344,0.837
55,74,200,2022,32:57,5.72,11.42,1.7,4.38,1.53,1.74,0.91,4.82,5.73,2.51,0.92,0.54,1.2,2.01,14.66,0.501,0.389,0.876
56,68,236,2022,24:20,3.87,9.41,1.41,4.24,1.04,1.15,0.37,1.75,2.12,3.43,0.69,0.09,1.69,1.68,10.19,0.411,0.333,0.91
57,62,251,2022,19:45,2.42,5.66,1.13,2.9,0.92,1.16,0.34,1.37,1.71,3.5,0.55,0.15,0.9,1.42,6.89,0.427,0.389,0.792
58,66,79,2022,33:35,7.52,14.11,0.55,1.61,7.42,8.73,2.17,3.65,5.82,5.33,1.83,0.33,1.61,1.26,23.0,0.533,0.34,0.851
59,59,54,2022,32:02,7.29,14.95,2.46,5.98,4.54,5.14,0.61,3.17,3.78,2.58,0.58,0.14,2.29,1.92,21.58,0.488,0.411,0.884
60,9,275,2022,12:40,1.56,3.22,0.78,2.0,0.89,1.0,1.33,2.44,3.78,0.11,0.22,0.0,0.67,1.78,4.78,0.483,0.389,0.889
61,32,123,2022,6:46,0.53,1.56,0.28,0.84,0.13,0.22,0.03,0.38,0.41,1.28,0.22,0.0,0.31,0.63,1.47,0.34,0.333,0.571
62,48,343,2022,10:30,1.19,2.29,0.25,0.88,0.65,0.71,0.21,0.75,0.96,1.65,0.35,0.08,0.5,1.02,3.27,0.518,0.286,0.912
63,61,114,2022,19:52,3.41,7.36,1.54,3.8,0.84,0.9,0.21,1.43,1.64,1.62,0.59,0.11,0.84,1.57,9.2,0.463,0.405,0.927
64,32,307,2022,16:22,1.94,4.75,1.28,3.03,0.56,0.69,0.63,1.69,2.31,0.88,0.5,0.03,0.34,1.22,5.72,0.408,0.423,0.818
65,37,2148,2022,5:38,0.54,1.24,0.0,0.22,0.3,0.59,0.41,0.78,1.19,0.41,0.08,0.08,0.32,0.59,1.38,0.435,0.0,0.5
66,79,268,2022,36:02,8.75,18.11,2.61,7.05,4.8,5.67,0.54,3.95,4.49,4.2,0.9,0.23,2.57,2.06,24.9,0.483,0.37,0.846
67,61,100,2022,32:36,7.51,16.9,2.54,7.52,3.28,4.02,1.18,2.85,4.03,4.43,0.54,0.21,3.05,1.97,20.84,0.444,0.338,0.816
68,48,196,2022,24:42,2.88,6.4,1.96,4.54,0.56,0.63,0.44,1.6,2.04,1.23,0.92,0.25,0.58,1.94,8.27,0.45,0.431,0.9
69,79,130,2022,34:31,5.82,13.29,2.29,6.2,3.39,4.18,0.35,3.06,3.42,6.52,0.85,0.3,1.84,2.37,17.33,0.438,0.369,0.812
70,20,46,2022,8:00,0.95,1.6,0.05,0.1,0.2,0.25,0.4,0.85,1.25,0.35,0.25,0.25,0.4,1.2,2.15,0.594,0.5,0.8
71,66,83,2022,26:38,5.33,8.17,0.0,0.02,1.2,2.05,4.03,7.15,11.18,0.89,0.68,1.23,0.83,2.12,11.86,0.653,0.0,0.585
72,55,53,2022,27:53,5.05,11.31,2.69,6.69,1.2,1.44,0.42,2.62,3.04,2.76,0.82,0.33,1.18,1.58,14.0,0.447,0.402,0.835
73,52,349,2022,26:45,5.04,9.71,0.83,2.29,2.44,3.69,2.19,6.87,9.06,2.87,0.83,0.85,2.29,3.56,13.35,0.519,0.361,0.661
74,69,246,2022,33:40,9.36,14.81,0.83,2.16,4.94,6.01,2.42,9.42,11.84,9.83,1.26,0.68,3.58,2.52,24.49,0.632,0.383,0.822
75,65,378,2022,32:38,7.8,15.66,2.11,5.48,5.45,6.4,1.75,6.65,8.4,2.68,0.89,1.54,2.11,3.02,23.15,0.498,0.385,0.851
76,46,226,2022,22:36,2.35,5.39,1.8,4.41,0.39,0.46,0.28,2.5,2.78,3.26,0.72,0.13,1.2,1.61,6.89,0.435,0.409,0.857
77,75,304,2022,20:22,3.77,6.95,0.35,0.79,0.77,0.91,0.6,2.52,3.12,5.29,1.08,0.13,1.91,1.4,8.67,0.543,0.441,0.853
78,80,249,2022,24:13,3.89,8.88,1.51,4.08,1.0,1.25,0.35,2.15,2.5,5.21,1.04,0.08,0.93,0.4,10.29,0.438,0.371,0.8
79,22,139,2022,25:46,5.27,9.82,0.77,1.64,1.86,2.41,0.41,4.14,4.55,5.64,1.14,0.45,1.59,2.64,13.18,0.537,0.472,0.774
80,2,3547280,2022,15:30,2.5,3.5,1.0,1.0,0.5,1.0,0.0,3.0,3.0,0.5,1.0,0.5,1.5,1.0,6.5,0.714,1.0,0.5
81,5,3547299,2022,11:36,1.8,4.4,1.0,3.6,0.4,0.4,0.0,1.8,1.8,1.0,0.8,0.0,0.0,0.6,5.0,0.409,0.278,1.0
82,4,17895994,2022,12:00,1.25,2.5,0.75,1.5,1.0,1.0,0.0,1.25,1.25,1.25,0.0,0.25,0.75,1.75,4.25,0.5,0.5,1.0
83,5,17896039,2022,6:36,1.0,3.0,0.2,1.0,0.0,0.0,0.6,1.0,1.6,0.8,0.2,0.0,0.0,0.4,2.2,0.333,0.2,0.0
84,1,17896052,2022,35:00,6.0,12.0,2.0,5.0,2.0,2.0,3.0,6.0,9.0,7.0,0.0,1.0,4.0,5.0,16.0,0.5,0.4,1.0
85,2,17554005,2022,20:30,4.5,10.0,2.0,5.5,1.5,2.5,1.5,3.5,5.0,4.5,0.0,0.0,1.5,1.5,12.5,0.45,0.364,0.6
86,40,17896106,2022,16:09,2.53,5.7,0.63,2.23,1.28,1.88,1.08,1.7,2.78,0.7,0.7,0.08,0.85,2.28,6.95,0.443,0.281,0.68
87,31,17896116,2022,8:30,1.26,2.42,0.16,0.61,0.19,0.35,0.87,0.65,1.52,0.32,0.1,0.19,0.29,0.84,2.87,0.52,0.263,0.545
88,38,120,2022,11:14,2.03,3.97,0.32,1.03,0.87,1.29,0.89,2.63,3.53,0.68,0.24,0.5,0.66,1.97,5.24,0.51,0.308,0.673
89,60,17896120,2022,15:15,1.4,3.78,0.95,2.88,0.43,0.52,0.75,1.57,2.32,0.88,0.62,0.37,0.37,1.95,4.18,0.37,0.329,0.839
90,62,18678058,2022,17:52,2.55,5.69,0.61,1.9,0.85,1.11,0.92,2.39,3.31,2.71,0.94,0.42,0.92,1.53,6.56,0.448,0.322,0.768
91,7,19465584,2022,7:34,1.43,2.14,0.57,1.0,0.0,0.0,0.43,1.86,2.29,0.57,0.14,0.0,0.29,0.71,3.43,0.667,0.571,0.0
92,36,666476,2022,8:10,1.69,2.67,0.0,0.0,0.92,2.0,1.58,2.28,3.86,0.11,0.11,0.39,0.42,1.08,4.31,0.635,0.0,0.458
93,4,45658838,2022,4:15,0.5,1.25,0.5,1.0,1.0,1.5,0.25,0.5,0.75,0.5,0.25,0.0,1.25,0.0,2.5,0.4,0.5,0.667
94,1,48248287,2022,41:00,1.0,3.0,1.0,3.0,0.0,0.0,0.0,4.0,4.0,7.0,3.0,0.0,2.0,3.0,3.0,0.333,0.333,0.0
95,35,666821,2022,7:08,0.46,1.09,0.2,0.6,0.2,0.23,0.2,0.77,0.97,0.37,0.2,0.23,0.2,1.11,1.31,0.421,0.333,0.875
96,4,47957121,2022,22:15,1.75,5.75,0.75,3.0,0.0,0.25,0.75,3.0,3.75,1.0,0.5,1.25,1.0,2.25,4.25,0.304,0.25,0.0
97,5,44477062,2022,14:00,1.2,2.8,0.4,1.2,0.2,0.4,0.2,1.0,1.2,0.8,0.8,0.4,0.8,1.2,3.0,0.429,0.333,0.5
98,63,219,2022,30:27,3.62,7.6,2.3,5.16,0.24,0.33,1.16,5.03,6.19,3.0,0.48,0.97,0.6,1.92,9.78,0.476,0.446,0.714
99,69,104,2022,30:26,3.94,9.09,2.07,5.26,2.14,2.55,0.48,2.26,2.74,6.62,1.14,0.23,1.55,2.04,12.1,0.434,0.394,0.841
100,56,188,2022,19:27,2.86,5.86,0.54,1.86,1.55,2.09,0.68,1.89,2.57,1.23,0.32,0.3,0.82,1.77,7.8,0.488,0.288,0.744
101,54,489,2022,14:45,2.0,3.67,0.11,0.63,0.33,0.48,1.31,1.76,3.07,1.39,1.0,0.09,0.78,1.63,4.44,0.545,0.176,0.692
102,27,401,2022,12:33,2.26,5.89,0.7,2.33,0.41,0.44,0.3,1.19,1.48,1.7,0.26,0.19,0.81,0.67,5.63,0.384,0.302,0.917
103,73,472,2022,29:08,5.92,13.58,1.22,3.92,2.82,4.3,1.22,4.58,5.79,7.55,1.04,0.44,3.49,2.22,15.88,0.436,0.311,0.656
104,64,285,2022,19:35,2.64,6.75,1.56,4.7,1.28,1.45,0.94,5.36,6.3,1.84,0.27,0.19,1.09,1.58,8.13,0.391,0.332,0.882
105,69,178,2022,28:27,4.22,9.46,1.91,5.16,2.06,2.51,0.23,1.71,1.94,2.65,0.62,0.36,1.51,1.13,12.41,0.446,0.371,0.821
106,78,283,2022,30:23,6.12,11.53,1.74,4.67,1.91,2.44,2.01,4.65,6.67,1.27,0.46,2.47,1.37,2.6,15.88,0.531,0.374,0.784
107,37,284,2022,8:03,1.3,2.03,0.05,0.11,0.38,0.49,0.62,0.76,1.38,0.51,0.05,0.22,0.68,1.16,3.03,0.64,0.5,0.778
108,42,306,2022,8:30,1.9,2.98,0.05,0.12,0.57,0.98,0.71,1.83,2.55,0.26,0.1,0.62,0.86,1.29,4.43,0.64,0.4,0.585
109,63,337,2022,14:58,2.08,4.63,1.29,3.29,0.63,0.83,0.59,2.63,3.22,0.79,0.24,0.38,0.37,1.56,6.08,0.449,0.391,0.769
110,8,376,2022,18:22,1.88,3.75,0.75,2.13,1.0,1.0,0.75,1.63,2.38,1.0,1.38,0.0,0.5,0.88,5.5,0.5,0.353,1.0
111,78,75,2022,30:20,2.46,6.03,1.94,5.09,0.33,0.47,0.41,3.22,3.63,1.38,0.69,0.17,0.47,2.13,7.19,0.409,0.38,0.703
112,48,108,2022,16:12,2.13,4.77,1.13,2.83,0.63,0.83,0.65,2.81,3.46,1.19,0.79,0.69,0.67,1.79,6.0,0.445,0.397,0.75
113,71,176,2022,30:40,5.15,7.85,0.0,0.04,3.21,4.99,3.31,8.3,11.61,1.25,0.79,1.34,1.75,2.97,13.52,0.657,0.0,0.644
114,36,252,2022,6:30,0.86,1.75,0.36,0.92,0.39,0.44,0.19,1.25,1.44,0.89,0.17,0.11,0.25,0.61,2.47,0.492,0.394,0.875
115,78,33,2022,21:53,2.05,4.88,1.59,4.06,0.44,0.62,0.79,3.04,3.83,1.55,0.69,0.58,0.64,1.91,6.13,0.42,0.391,0.708
116,46,211,2022,18:07,1.7,3.61,0.74,2.07,0.91,1.2,0.33,1.52,1.85,2.39,0.57,0.13,0.74,1.2,5.04,0.47,0.358,0.764
117,39,250,2022,15:06,2.26,2.95,0.03,0.03,0.56,1.23,1.33,3.85,5.18,0.87,0.31,0.59,1.23,1.82,5.1,0.765,1.0,0.458
118,58,136,2022,14:57,2.43,5.78,0.9,2.5,0.53,0.78,0.28,1.12,1.4,2.6,0.22,0.07,1.09,1.12,6.29,0.421,0.359,0.689
119,41,189,2022,13:48,1.54,3.17,0.56,1.61,0.51,0.78,1.15,2.63,3.78,1.49,0.34,0.22,0.54,1.83,4.15,0.485,0.348,0.656
120,58,192,2022,36:47,6.4,14.52,2.78,7.21,5.4,6.22,0.69,5.41,6.1,10.66,1.22,0.53,3.36,1.93,20.97,0.441,0.385,0.867
121,33,404,2022,17:05,1.85,5.39,0.64,2.48,0.85,1.06,0.27,1.85,2.12,3.48,0.79,0.18,0.94,1.55,5.18,0.343,0.256,0.8
122,56,115,2022,34:39,9.98,20.23,4.88,11.41,4.59,5.02,0.7,5.39,6.09,6.29,0.93,0.36,3.2,2.09,29.43,0.493,0.427,0.915
123,76,125,2022,36:24,8.89,17.64,0.61,1.91,6.14,7.07,0.49,4.17,4.66,5.12,1.11,0.5,2.05,2.53,24.54,0.504,0.317,0.87
124,18,242,2022,9:03,1.22,2.72,0.17,0.83,0.22,0.44,0.22,1.44,1.67,0.83,0.39,0.33,0.44,1.78,2.83,0.449,0.2,0.5
125,73,185,2022,31:29,3.42,6.49,0.55,1.79,1.05,1.48,0.9,6.29,7.19,6.85,1.01,0.84,2.79,3.14,8.45,0.527,0.305,0.713
126,33,315,2022,24:16,5.36,12.3,1.55,4.91,2.79,3.09,0.85,3.39,4.24,4.94,0.73,0.15,2.15,2.06,15.06,0.436,0.315,0.902
127,57,31,2022,17:25,2.42,6.4,1.16,3.18,0.65,0.82,0.26,2.14,2.4,1.96,0.49,0.23,0.84,0.98,6.65,0.378,0.365,0.787
128,42,3,2022,26:52,3.74,6.26,0.0,0.02,1.12,3.07,5.1,6.45,11.55,2.33,0.86,1.1,1.88,2.33,8.6,0.597,0.0,0.364
129,71,191,2022,30:16,4.79,11.93,2.99,7.75,1.79,2.32,0.3,3.24,3.54,1.82,0.69,0.17,0.85,1.69,14.35,0.401,0.385,0.77
130,43,357,2022,25:55,3.72,9.4,1.63,4.95,1.37,1.84,0.37,2.6,2.98,3.42,1.33,0.3,2.02,2.33,10.44,0.396,0.329,0.747
131,63,15,2022,32:09,11.22,20.29,0.75,2.71,7.9,12.25,2.17,9.6,11.78,5.7,0.83,0.81,3.9,3.13,31.1,0.553,0.275,0.645
132,42,469,2022,16:21,3.14,6.43,0.52,1.6,0.67,0.83,0.62,2.26,2.88,0.98,0.52,0.29,0.48,1.55,7.48,0.489,0.328,0.8
133,1,44477024,2022,2:00,0.0,1.0,0.0,1.0,2.0,2.0,0.0,0.0,0.0,0.0,1.0,1.0,0.0,0.0,2.0,0.0,0.0,1.0
134,1,48248491,2022,21:00,3.0,5.0,0.0,0.0,1.0,4.0,2.0,1.0,3.0,0.0,0.0,1.0,0.0,0.0,7.0,0.6,0.0,0.25
135,6,3547289,2022,31:40,5.67,11.33,2.0,4.33,2.0,2.17,0.33,2.83,3.17,8.33,1.0,0.17,1.67,1.83,15.33,0.5,0.462,0.923
136,5,24102469,2022,2:12,0.4,0.8,0.2,0.6,0.0,0.0,0.0,0.6,0.6,0.0,0.0,0.0,0.0,0.2,1.0,0.5,0.333,0.0
137,63,403,2022,35:18,7.83,18.86,2.62,8.02,2.83,3.49,0.81,3.3,4.11,5.06,1.17,0.25,2.13,1.89,21.1,0.415,0.327,0.809
138,60,380,2022,26:07,5.67,11.83,1.9,4.78,3.75,4.62,0.4,2.52,2.92,1.82,0.83,0.3,1.68,2.08,16.98,0.479,0.397,0.812
139,61,105,2022,23:41,2.7,6.9,1.79,5.28,0.44,0.67,0.82,3.82,4.64,1.26,0.61,0.18,0.54,1.13,7.64,0.392,0.339,0.659
140,38,207,2022,12:04,2.34,4.45,0.08,0.29,2.13,2.74,1.53,3.21,4.74,0.87,0.42,0.34,1.03,1.68,6.89,0.527,0.273,0.779
141,66,391,2022,23:29,3.68,8.48,1.64,4.48,1.05,1.23,0.62,2.06,2.68,2.7,1.06,0.32,1.32,1.8,10.05,0.434,0.365,0.852
142,5,199,2022,24:00,3.0,7.2,0.6,2.0,2.2,3.0,0.2,4.2,4.4,6.0,2.2,0.4,1.2,2.4,8.8,0.417,0.3,0.733
143,69,89,2022,23:41,2.03,4.42,0.87,2.36,0.86,1.06,0.64,2.29,2.93,2.88,1.46,0.71,1.13,2.46,5.78,0.459,0.368,0.808
144,3,31890572,2022,18:20,2.67,7.0,2.0,6.0,0.67,0.67,0.0,2.0,2.0,1.67,0.67,0.0,0.0,1.67,8.0,0.381,0.333,1.0
145,60,165,2022,29:38,5.82,11.32,0.45,1.45,1.87,2.38,1.15,2.75,3.9,5.68,1.45,0.43,2.32,2.18,13.95,0.514,0.31,0.783
146,73,161,2022,33:23,9.34,18.23,1.63,5.03,4.7,6.03,0.55,3.64,4.19,6.12,1.14,0.32,2.48,2.36,25.01,0.512,0.324,0.78
147,74,434,2022,36:55,9.82,21.07,3.24,9.27,7.18,8.41,1.05,7.72,8.77,4.62,1.05,0.69,2.88,2.16,30.07,0.466,0.35,0.854
148,77,324,2022,22:20,4.64,10.34,1.86,5.17,2.39,2.69,0.42,2.22,2.64,3.87,0.64,0.26,1.9,1.62,13.52,0.448,0.359,0.889
149,11,229,2022,11:16,2.0,4.82,0.55,1.36,0.45,0.82,1.36,2.64,4.0,0.55,1.27,0.36,0.36,0.45,5.0,0.415,0.4,0.556
150,54,421,2022,25:43,3.44,8.37,0.44,2.06,1.44,1.96,0.5,2.59,3.09,4.83,1.35,0.46,1.52,2.26,8.78,0.412,0.216,0.736
151,47,347,2022,13:01,1.02,2.81,0.36,1.43,0.47,0.7,0.15,1.17,1.32,1.23,0.34,0.15,0.64,1.38,2.87,0.364,0.254,0.667
152,66,297,2022,34:24,8.65,17.35,3.03,7.74,5.29,6.05,1.97,6.67,8.64,1.86,0.64,0.58,1.92,2.08,25.62,0.499,0.391,0.875
153,68,322,2022,35:49,9.99,20.62,3.6,9.34,4.69,5.41,0.93,3.32,4.25,4.43,1.46,0.4,2.65,2.47,28.26,0.484,0.386,0.867
154,80,69,2022,28:31,4.48,9.26,1.14,3.18,1.45,1.91,0.79,3.31,4.1,3.35,1.09,0.64,1.54,2.38,11.54,0.483,0.358,0.758
155,77,68,2022,24:23,2.61,6.1,1.39,3.69,0.44,0.51,0.81,3.25,4.05,1.26,0.79,0.21,0.65,1.56,7.05,0.428,0.377,0.872
156,68,73,2022,34:55,8.63,17.57,1.97,4.74,4.78,5.76,0.59,2.96,3.54,6.19,0.9,0.22,2.09,2.24,24.01,0.491,0.416,0.829
157,81,87,2022,22:19,2.95,6.98,1.75,4.16,0.38,0.47,0.43,2.06,2.49,2.43,0.81,0.36,0.96,1.95,8.04,0.423,0.421,0.816
158,57,85,2022,29:38,5.65,10.75,1.4,3.95,2.53,3.42,2.11,6.61,8.72,2.32,0.53,0.58,1.86,2.79,15.23,0.525,0.356,0.738
159,73,180,2022,18:19,2.21,5.9,1.63,4.63,1.34,1.79,0.26,1.41,1.67,2.68,0.62,0.22,0.73,1.08,7.38,0.374,0.352,0.748
160,63,213,2022,13:26,1.46,3.49,0.57,1.4,0.43,0.51,0.4,0.78,1.17,1.41,0.59,0.19,0.59,1.25,3.92,0.418,0.409,0.844
161,75,221,2022,29:24,5.6,11.55,2.73,6.8,1.27,1.75,0.56,2.79,3.35,2.95,1.07,0.32,1.29,2.41,15.2,0.485,0.402,0.725
162,63,231,2022,28:24,6.6,13.05,1.59,4.48,3.83,4.86,1.71,5.05,6.76,0.95,1.03,3.0,1.7,3.6,18.62,0.506,0.355,0.788
163,63,259,2022,14:59,2.41,5.27,1.03,2.95,0.73,0.95,0.54,2.27,2.81,0.52,0.38,0.19,0.79,1.51,6.59,0.458,0.349,0.767
164,73,666747,2022,29:13,3.51,7.6,1.16,3.29,1.26,1.58,1.23,3.62,4.85,1.63,0.99,0.42,1.1,2.05,9.44,0.461,0.354,0.8
165,7,666748,2022,19:17,2.0,5.14,0.43,2.0,0.57,1.0,1.14,2.29,3.43,1.57,0.57,0.14,0.29,1.86,5.0,0.389,0.214,0.571
166,77,313,2022,27:55,3.6,8.45,2.04,5.23,0.9,1.13,0.9,3.16,4.05,2.56,1.64,0.53,1.32,2.48,10.13,0.425,0.39,0.793
167,5,47738533,2022,24:12,4.8,7.8,0.6,1.6,0.4,0.6,2.0,1.0,3.0,2.0,0.6,0.4,0.8,2.6,10.6,0.615,0.375,0.667
168,10,46658323,2022,12:30,1.7,2.8,0.0,0.1,0.4,1.0,1.6,2.2,3.8,0.6,0.6,0.4,0.8,1.3,3.8,0.607,0.0,0.4
169,69,443,2022,33:06,7.91,18.14,4.36,10.59,1.68,1.91,0.57,3.58,4.14,2.36,0.71,0.42,1.78,1.88,21.87,0.436,0.412,0.879
170,61,420,2022,32:06,4.1,9.87,1.89,5.61,1.44,1.93,0.75,2.38,3.13,6.26,1.52,0.38,2.34,2.82,11.52,0.415,0.336,0.746
171,71,12,2022,28:36,3.68,7.3,0.66,1.59,1.42,1.93,0.96,4.38,5.34,4.96,1.15,0.96,1.55,2.15,9.44,0.504,0.416,0.737
172,76,379,2022,19:13,2.59,3.54,0.0,0.07,1.47,2.21,1.96,2.17,4.13,0.91,0.63,0.34,0.86,2.75,6.66,0.732,0.0,0.667
173,77,387,2022,35:35,8.55,18.6,2.83,8.26,5.22,6.9,1.83,8.13,9.96,4.1,0.64,0.27,2.81,3.03,25.14,0.459,0.343,0.757
174,37,475,2022,32:09,6.76,14.3,2.41,6.08,1.19,1.95,1.65,3.38,5.03,2.3,1.22,0.76,1.3,2.89,17.11,0.473,0.396,0.611
175,66,145,2022,34:38,11.03,20.12,1.0,3.03,10.02,11.68,1.71,8.44,10.15,4.15,1.0,1.7,3.42,3.11,33.08,0.548,0.33,0.857
176,59,407,2022,14:05,2.2,4.8,0.76,2.0,1.07,1.29,0.9,2.69,3.59,1.25,0.36,0.14,0.97,1.69,6.24,0.459,0.381,0.829
177,53,57,2022,34:37,9.94,20.13,2.09,5.96,5.77,6.75,0.87,3.66,4.53,5.53,0.96,0.34,2.74,3.0,27.75,0.494,0.351,0.855
178,48,368,2022,20:15,3.92,9.44,1.42,3.85,1.02,1.33,0.25,1.96,2.21,4.46,0.69,0.17,1.69,1.83,10.27,0.415,0.368,0.766
179,59,254,2022,22:20,3.19,6.47,2.25,4.56,0.63,0.66,0.25,2.42,2.68,1.53,0.54,0.08,0.78,1.39,9.25,0.492,0.494,0.949
180,63,102,2022,22:54,4.51,8.7,0.87,2.33,1.71,2.25,1.84,4.54,6.38,2.86,0.59,0.78,2.05,3.16,11.6,0.518,0.374,0.761
181,72,101,2022,29:54,5.04,9.93,0.99,3.39,2.0,2.51,1.11,5.36,6.47,1.21,0.58,1.01,1.1,3.11,13.07,0.508,0.291,0.796
182,68,18,2022,35:44,6.25,13.21,2.12,5.5,2.1,2.57,1.41,3.53,4.94,1.97,1.9,0.75,1.96,3.0,16.72,0.473,0.385,0.817
183,68,9,2022,32:45,5.93,9.21,0.01,0.15,2.38,3.25,3.25,6.54,9.79,1.66,0.79,1.24,1.37,2.25,14.25,0.644,0.1,0.733
184,77,4,2022,34:45,7.9,14.74,0.01,0.16,4.31,5.38,2.47,6.81,9.27,3.22,1.19,0.83,2.48,2.77,20.12,0.536,0.083,0.802
185,82,201,2022,19:51,2.13,3.99,0.1,0.45,0.59,0.87,2.55,3.99,6.54,1.24,0.65,0.78,0.8,2.6,4.95,0.535,0.216,0.676
186,64,265,2022,35:00,8.0,17.84,2.5,7.52,2.7,3.7,0.86,6.38,7.23,3.73,0.56,0.45,2.97,2.27,21.2,0.448,0.333,0.73
187,82,473,2022,28:19,4.27,9.24,1.82,4.77,2.05,2.34,0.63,2.94,3.57,3.91,0.66,0.93,1.16,2.16,12.4,0.462,0.381,0.875
188,66,314,2022,10:26,1.95,3.32,0.14,0.58,0.82,1.11,0.71,2.29,3.0,0.61,0.33,0.32,0.48,1.23,4.86,0.589,0.237,0.74
189,57,462,2022,19:26,3.47,6.95,0.89,2.86,2.68,3.19,1.21,3.33,4.54,1.47,0.65,0.23,1.19,2.39,10.53,0.5,0.313,0.841
190,56,464,2022,23:08,4.21,9.41,1.63,4.45,1.63,1.89,0.25,1.7,1.95,1.14,0.54,0.3,0.82,1.27,11.68,0.448,0.365,0.858
191,73,666950,2022,32:32,5.95,13.4,2.04,5.86,1.74,2.38,1.0,3.9,4.9,2.4,0.9,1.08,1.51,2.64,15.67,0.444,0.348,0.73
192,53,480,2022,22:43,3.38,6.53,0.94,2.53,0.32,0.74,1.83,3.09,4.92,1.98,0.85,0.26,0.6,2.11,8.02,0.517,0.373,0.436
193,74,490,2022,34:51,8.18,19.03,2.09,6.32,7.76,8.76,0.77,2.27,3.04,10.11,1.08,0.12,4.12,1.42,26.2,0.43,0.331,0.886
194,67,22,2022,30:24,7.79,13.24,0.1,0.36,2.27,2.99,2.57,7.39,9.96,1.72,0.55,0.79,1.79,2.84,17.96,0.589,0.292,0.76
195,66,132,2022,36:11,10.89,21.95,2.8,8.2,7.8,10.52,0.82,7.8,8.62,8.02,1.36,0.5,3.58,2.52,32.39,0.496,0.342,0.742
196,40,370,2022,8:16,0.78,2.18,0.55,1.55,0.28,0.33,0.28,1.33,1.6,1.15,0.15,0.03,0.3,0.85,2.38,0.356,0.355,0.846
197,38,666442,2022,11:56,1.82,3.29,0.16,0.68,0.61,1.11,1.61,2.0,3.61,1.03,0.42,0.68,0.58,1.68,4.39,0.552,0.231,0.548
198,65,666468,2022,16:44,1.89,4.91,0.74,2.38,1.6,2.23,0.95,2.4,3.35,0.68,0.51,0.2,0.52,1.22,6.12,0.386,0.31,0.717
199,58,470,2022,15:57,1.97,4.0,1.03,2.33,0.59,0.81,0.52,1.91,2.43,0.83,0.43,0.29,0.38,1.38,5.55,0.491,0.444,0.723
200,45,666767,2022,15:29,1.36,3.36,0.53,1.8,0.33,0.4,0.33,1.07,1.4,3.29,0.76,0.09,0.8,0.67,3.58,0.404,0.296,0.833
201,78,147,2022,20:19,2.74,4.28,0.09,0.23,1.06,1.6,1.69,3.67,5.36,1.32,0.51,1.31,0.86,2.17,6.64,0.641,0.389,0.664
202,52,666925,2022,13:24,1.23,2.75,0.15,0.83,0.37,0.46,0.54,1.85,2.38,1.25,0.31,0.15,0.65,1.54,2.98,0.448,0.186,0.792
203,54,3092,2022,18:02,1.72,4.0,0.69,2.02,0.24,0.52,1.06,2.43,3.48,0.8,0.67,0.31,0.83,1.52,4.37,0.431,0.339,0.464
204,50,666511,2022,12:32,1.12,2.9,0.22,0.8,0.98,1.26,0.34,0.72,1.06,1.06,0.14,0.1,0.42,1.0,3.44,0.386,0.275,0.778
205,22,3547163,2022,8:08,1.09,2.27,0.32,0.95,0.09,0.09,0.36,1.0,1.36,0.36,0.18,0.41,0.55,1.18,2.59,0.48,0.333,1.0
206,81,666743,2022,23:08,3.36,6.47,0.95,2.44,1.14,1.46,0.95,2.46,3.41,2.27,0.52,0.27,0.99,1.84,8.8,0.519,0.389,0.78
207,75,38017507,2022,27:40,3.79,8.59,1.23,3.51,0.65,0.83,0.47,2.19,2.65,4.55,0.93,0.17,1.68,2.39,9.45,0.441,0.35,0.79
208,68,666656,2022,31:33,5.6,12.22,1.47,4.24,2.54,3.09,0.69,3.57,4.26,1.41,0.51,0.25,1.22,3.0,15.22,0.458,0.347,0.824
209,76,666956,2022,23:30,3.58,8.0,1.75,4.62,0.8,0.92,0.21,2.64,2.86,2.8,0.74,0.09,1.01,1.7,9.71,0.447,0.379,0.871
210,56,666505,2022,19:30,4.09,6.23,0.02,0.11,1.77,2.45,1.64,3.89,5.54,1.29,0.61,0.66,0.98,2.34,9.96,0.656,0.167,0.723
211,69,666581,2022,35:29,7.57,16.36,2.45,5.97,4.01,4.65,0.41,2.28,2.68,7.8,1.23,0.13,2.88,2.14,21.59,0.462,0.41,0.863
212,48,666626,2022,13:02,1.83,3.29,0.06,0.6,1.25,1.77,0.85,2.08,2.94,0.75,0.42,0.38,0.67,1.48,4.98,0.557,0.103,0.706
213,61,666400,2022,15:29,2.3,5.08,1.05,2.74,0.69,1.02,0.25,1.54,1.79,1.9,0.59,0.38,0.93,1.54,6.33,0.452,0.383,0.677
214,69,666633,2022,34:54,7.3,16.58,2.97,7.99,2.49,2.67,0.41,5.01,5.42,4.16,0.78,0.25,2.38,1.55,20.07,0.441,0.372,0.935
215,63,666682,2022,32:48,7.98,17.67,2.13,6.46,3.89,5.19,0.89,4.16,5.05,2.9,0.73,0.17,2.13,1.98,21.98,0.452,0.329,0.749
216,43,666713,2022,19:41,2.81,6.02,0.37,1.42,0.91,1.3,1.33,1.33,2.65,1.16,0.56,0.3,0.7,1.56,6.91,0.467,0.262,0.696
217,54,666729,2022,18:06,2.48,5.61,1.07,2.93,0.61,0.85,0.5,2.11,2.61,0.93,0.39,0.37,0.67,1.22,6.65,0.442,0.367,0.717
218,27,666818,2022,19:08,1.59,4.52,0.96,3.19,0.59,0.78,0.96,2.59,3.56,1.37,0.7,0.41,0.63,1.48,4.74,0.352,0.302,0.762
219,59,666849,2022,34:20,6.63,14.98,2.39,6.53,3.51,4.47,1.29,4.03,5.32,5.73,1.39,0.29,3.19,2.64,19.15,0.442,0.366,0.784
220,35,17895854,2022,14:32,2.49,3.86,0.09,0.23,0.63,1.06,2.14,3.37,5.51,1.37,0.46,0.94,1.17,2.11,5.69,0.644,0.375,0.595
221,43,666429,2022,14:20,1.93,4.26,0.47,1.23,0.88,1.63,0.79,2.42,3.21,0.88,0.51,0.79,0.63,1.02,5.21,0.454,0.377,0.543
222,76,666508,2022,29:49,5.45,7.72,0.0,0.03,1.75,3.24,2.42,6.82,9.24,1.89,0.87,2.49,1.26,2.79,12.64,0.705,0.0,0.541
223,76,666541,2022,30:52,4.64,11.86,1.88,5.59,2.74,3.54,1.76,2.93,4.7,2.08,1.01,0.32,1.22,3.3,13.91,0.392,0.336,0.773
224,78,666577,2022,20:33,3.71,5.06,0.0,0.0,1.63,2.4,2.09,3.46,5.55,1.08,0.44,1.27,1.09,2.4,9.04,0.732,0.0,0.679
225,71,17895858,2022,29:50,3.97,8.48,2.21,5.73,1.1,1.38,0.69,2.54,3.23,2.11,0.66,0.37,0.97,2.49,11.25,0.468,0.386,0.796
226,65,666650,2022,20:12,3.95,9.43,0.89,3.12,1.94,2.58,0.63,2.6,3.23,3.78,0.63,0.45,1.94,1.66,10.74,0.419,0.286,0.75
227,45,666676,2022,18:05,2.62,5.38,0.78,2.0,0.84,0.91,0.16,1.58,1.73,3.0,0.51,0.11,0.67,1.42,6.87,0.488,0.389,0.927
228,42,666679,2022,28:30,5.31,11.29,2.45,6.07,2.4,2.86,0.81,3.6,4.4,1.86,1.19,0.33,0.88,1.98,15.48,0.47,0.404,0.842
229,4,666692,2022,9:00,0.5,1.75,0.0,0.75,0.5,0.5,1.25,1.25,2.5,0.0,0.5,0.0,0.25,0.75,1.5,0.286,0.0,1.0
230,1,666698,2022,29:00,8.0,13.0,4.0,8.0,0.0,1.0,2.0,2.0,4.0,2.0,1.0,0.0,2.0,4.0,20.0,0.615,0.5,0.0
231,80,666762,2022,23:53,3.51,7.71,0.96,2.9,1.45,1.73,0.79,3.54,4.33,1.63,1.04,0.43,1.16,2.61,9.44,0.455,0.332,0.841
232,66,666809,2022,19:08,4.3,9.58,1.03,3.56,1.17,1.5,0.55,2.05,2.59,2.02,0.64,0.08,1.02,1.56,10.8,0.449,0.289,0.778
233,62,3547207,2022,19:08,3.13,7.18,1.39,3.4,1.1,1.39,0.82,2.87,3.69,1.42,0.39,0.23,1.06,1.19,8.74,0.436,0.408,0.791
234,82,666848,2022,30:00,6.71,15.59,2.61,7.77,4.4,5.06,0.39,2.35,2.74,4.5,0.77,0.26,3.06,2.61,20.43,0.43,0.336,0.87
235,5,17553967,2022,5:36,1.2,1.8,0.0,0.0,0.0,0.4,1.0,1.2,2.2,0.2,0.0,0.4,0.2,1.4,2.4,0.667,0.0,0.0
236,68,667378,2022,18:24,4.56,8.49,1.1,3.19,1.26,1.87,1.07,3.82,4.9,1.13,0.62,0.78,1.35,2.59,11.49,0.537,0.346,0.677
237,37,666885,2022,12:08,1.49,3.3,0.65,2.0,0.57,0.62,0.62,1.05,1.68,0.84,0.22,0.14,0.43,1.65,4.19,0.451,0.324,0.913
238,71,666923,2022,16:52,1.55,3.56,0.76,2.08,0.27,0.39,0.56,1.41,1.97,0.75,1.17,0.46,0.34,1.59,4.13,0.435,0.365,0.679
239,79,666965,2022,25:53,2.73,6.03,1.46,3.68,1.19,1.54,1.1,3.49,4.59,1.66,0.52,0.39,1.04,2.43,8.11,0.454,0.395,0.77
240,3,666971,2022,3:20,0.67,1.0,0.33,0.67,0.0,0.0,0.0,0.0,0.0,0.33,0.0,0.0,0.33,0.0,1.67,0.667,0.5,0.0
241,72,666703,2022,20:43,1.92,4.44,0.83,2.46,0.39,0.5,0.89,3.42,4.31,1.39,1.07,0.35,0.51,1.56,5.06,0.431,0.339,0.778
242,54,666754,2022,12:40,1.35,3.72,1.17,3.33,0.89,0.98,0.2,1.15,1.35,0.48,0.44,0.09,0.35,1.15,4.76,0.363,0.35,0.906
243,7,17553983,2022,10:00,1.0,4.14,0.29,2.14,0.71,0.71,1.14,1.29,2.43,0.86,0.29,0.71,1.0,0.57,3.0,0.241,0.133,1.0
244,81,3547238,2022,36:10,8.86,19.47,2.67,7.35,3.98,5.26,0.6,5.27,5.88,4.46,1.58,0.77,3.27,2.36,24.37,0.455,0.363,0.756
245,36,3547239,2022,35:16,8.22,20.03,4.0,10.64,2.83,3.39,1.17,5.25,6.42,8.44,1.28,0.31,3.58,3.28,23.28,0.411,0.376,0.836
246,45,3547240,2022,19:17,4.2,7.53,0.09,0.44,1.51,2.16,1.62,4.31,5.93,0.67,0.18,0.6,1.13,2.4,10.0,0.558,0.2,0.701
247,76,3547241,2022,28:22,4.04,10.72,1.05,3.76,1.21,1.47,0.37,2.54,2.91,6.18,1.37,0.37,2.28,2.88,10.34,0.377,0.28,0.821
248,76,3547242,2022,26:33,3.33,7.62,0.91,3.05,1.61,2.17,0.97,5.43,6.41,2.78,0.86,0.38,1.62,2.75,9.17,0.437,0.297,0.739
249,67,3547243,2022,15:39,2.79,6.25,1.27,3.69,0.57,0.7,0.43,2.36,2.79,0.99,0.33,0.18,0.57,1.01,7.42,0.446,0.344,0.809
250,81,3547244,2022,23:05,3.98,6.21,0.05,0.16,1.91,2.44,2.69,4.47,7.16,1.04,0.7,1.37,1.0,3.12,9.91,0.64,0.308,0.783
251,56,3547245,2022,33:32,7.36,15.02,2.88,7.18,3.13,3.59,0.59,3.07,3.66,10.45,1.63,0.45,2.52,1.23,20.71,0.49,0.4,0.871
252,38,3547246,2022,31:04,6.87,15.66,2.71,7.0,2.05,2.63,0.21,3.68,3.89,3.58,1.13,0.45,1.5,1.5,18.5,0.439,0.387,0.78
253,76,3547247,2022,21:45,2.3,4.66,0.82,2.25,1.03,1.36,0.68,1.78,2.46,1.14,0.74,0.39,0.55,2.08,6.45,0.494,0.363,0.757
254,84,3547248,2022,28:12,3.8,8.24,1.39,3.37,1.07,1.25,0.95,2.99,3.94,1.21,0.89,0.86,1.23,1.8,10.06,0.461,0.413,0.857
255,56,3547249,2022,20:34,3.54,7.29,0.52,1.93,1.59,2.25,1.86,4.07,5.93,0.89,0.55,0.54,1.05,1.84,9.18,0.485,0.269,0.706
256,73,3547250,2022,24:53,3.45,8.08,1.58,4.3,1.63,1.95,0.85,2.95,3.79,1.34,0.74,0.47,1.03,3.22,10.11,0.427,0.366,0.838
257,60,3547251,2022,25:52,4.62,10.17,1.25,3.43,2.53,2.83,0.78,4.02,4.8,3.92,0.62,0.52,1.52,2.63,13.02,0.454,0.364,0.894
258,44,3547253,2022,19:25,2.32,5.77,0.64,2.16,1.43,1.68,0.32,2.48,2.8,3.45,0.84,0.27,1.34,1.39,6.7,0.402,0.295,0.851
259,60,3547254,2022,33:39,7.32,15.22,2.67,6.15,3.0,3.55,0.38,2.55,2.93,3.53,0.82,0.13,1.33,2.2,20.3,0.481,0.434,0.845
260,26,3547260,2022,9:20,1.54,3.46,0.58,1.35,0.73,0.85,0.23,1.08,1.31,0.88,0.38,0.08,0.38,0.92,4.38,0.444,0.429,0.864
261,50,3547267,2022,28:15,3.9,8.82,1.34,4.1,2.2,2.98,2.3,5.76,8.06,1.4,0.4,0.68,1.36,2.66,11.34,0.442,0.327,0.738
262,81,3547269,2022,28:55,5.17,11.56,2.07,5.6,2.51,3.06,0.72,3.44,4.16,3.44,0.99,0.17,1.23,2.05,14.93,0.448,0.37,0.819
263,69,3547270,2022,10:54,1.8,3.03,0.01,0.09,0.55,0.74,1.62,2.17,3.8,0.39,0.67,0.72,0.65,1.78,4.16,0.593,0.167,0.745
264,34,3547271,2022,20:35,3.18,7.32,1.12,3.06,0.65,1.03,1.32,3.35,4.68,1.88,0.59,1.29,1.26,1.71,8.12,0.434,0.365,0.629
265,75,3547272,2022,19:08,3.04,6.96,2.17,5.36,1.09,1.33,0.39,2.0,2.39,1.2,0.64,0.12,0.56,1.44,9.35,0.437,0.405,0.82
266,68,3547274,2022,29:10,5.01,10.93,0.66,2.32,2.18,2.53,0.82,2.78,3.6,6.59,1.31,0.15,1.62,1.44,12.87,0.459,0.285,0.86
267,53,3547275,2022,13:01,1.64,4.57,0.89,2.51,0.47,0.62,0.28,1.13,1.42,1.32,0.4,0.08,0.47,1.23,4.64,0.36,0.353,0.758
268,48,3547276,2022,13:26,2.1,5.1,1.17,3.21,0.25,0.33,0.52,1.31,1.83,1.33,0.29,0.02,0.83,0.77,5.63,0.412,0.364,0.75
269,62,3547279,2022,18:07,2.08,4.65,0.48,1.53,0.65,0.92,0.77,2.56,3.34,0.53,0.44,0.29,0.44,1.27,5.29,0.448,0.316,0.702
270,65,3547282,2022,18:43,3.03,4.82,0.02,0.02,2.11,2.82,2.26,4.14,6.4,0.6,0.17,1.09,0.91,2.37,8.18,0.629,1.0,0.749
271,9,11891374,2022,9:13,1.78,3.0,0.33,0.78,0.56,0.67,0.89,1.67,2.56,0.22,0.22,0.33,0.44,1.78,4.44,0.593,0.429,0.833
272,76,17895966,2022,34:13,7.45,17.88,2.46,7.29,4.79,6.09,0.57,3.17,3.74,3.7,0.78,0.24,2.63,1.72,22.14,0.416,0.338,0.786
273,6,17895967,2022,10:10,0.5,3.17,0.17,1.67,0.33,0.33,0.33,1.67,2.0,0.67,0.17,0.0,0.33,0.67,1.5,0.158,0.1,1.0
274,57,17895968,2022,16:03,1.42,4.16,0.7,2.46,0.42,0.63,0.32,1.4,1.72,2.32,0.54,0.12,1.51,1.04,3.96,0.342,0.286,0.667
275,67,17553979,2022,20:50,3.9,7.42,0.81,2.18,1.34,2.06,1.04,2.4,3.45,1.87,0.61,0.45,1.42,2.34,9.94,0.525,0.37,0.652
276,82,3547294,2022,28:01,5.0,8.78,0.83,2.63,1.84,2.71,1.54,3.98,5.51,1.5,0.5,0.37,1.11,1.79,12.67,0.569,0.315,0.68
277,40,3547295,2022,7:27,1.15,2.05,0.2,0.58,0.98,1.43,0.55,0.93,1.48,0.35,0.28,0.15,0.58,1.05,3.48,0.561,0.348,0.684
278,23,3547297,2022,12:02,1.09,2.61,0.0,0.09,0.09,0.13,0.22,1.39,1.61,1.65,0.3,0.09,0.65,0.74,2.26,0.417,0.0,0.667
279,62,7155648,2022,19:14,2.39,5.06,1.18,3.21,0.74,0.97,0.9,2.56,3.47,1.55,0.45,0.32,0.87,2.16,6.69,0.471,0.367,0.767
280,25,3547298,2022,14:50,1.96,4.84,0.44,1.2,1.68,2.28,0.52,1.28,1.8,2.68,0.76,0.04,0.96,1.28,6.04,0.405,0.367,0.737
281,82,17895983,2022,25:43,3.43,6.96,0.72,2.32,0.8,1.0,0.55,2.15,2.7,2.51,0.76,0.32,1.2,2.23,8.38,0.492,0.311,0.805
282,29,4197387,2022,5:39,0.52,1.28,0.17,0.72,0.03,0.07,0.21,0.69,0.9,0.59,0.17,0.03,0.17,0.59,1.24,0.405,0.238,0.5
283,7,4197388,2022,2:51,0.29,1.0,0.14,0.57,0.14,0.29,0.14,0.14,0.29,0.0,0.0,0.0,0.0,0.71,0.86,0.286,0.25,0.5
284,31,3547301,2022,21:44,3.55,7.39,0.42,1.48,1.61,2.23,1.32,2.48,3.81,2.71,0.68,0.23,1.52,3.42,9.13,0.48,0.283,0.725
285,59,3547302,2022,10:33,1.2,2.24,0.07,0.49,0.83,1.14,0.63,1.05,1.68,0.58,0.12,0.2,0.25,1.19,3.31,0.538,0.138,0.731
286,34,38017607,2022,13:28,1.38,3.15,0.47,1.26,0.91,1.21,0.82,1.24,2.06,0.47,0.5,0.15,0.62,1.56,4.15,0.439,0.372,0.756
287,25,17553988,2022,10:16,1.0,2.28,0.2,0.64,0.24,0.36,0.24,0.68,0.92,1.24,0.36,0.12,0.2,0.52,2.44,0.439,0.313,0.667
288,45,44,2022,10:50,1.53,3.56,1.22,3.13,0.29,0.33,0.22,0.96,1.18,0.47,0.24,0.18,0.2,1.18,4.58,0.431,0.39,0.867
289,57,117,2022,34:11,9.68,17.21,0.33,1.32,6.18,7.89,3.58,9.0,12.58,2.67,1.07,2.05,2.23,2.61,25.88,0.563,0.253,0.782
290,50,37,2022,33:32,8.88,17.56,1.6,4.38,3.84,4.56,0.82,3.1,3.92,5.42,0.9,0.66,2.9,2.14,23.2,0.506,0.365,0.842
291,58,278,2022,36:26,9.59,20.72,4.21,11.34,8.79,9.62,0.76,4.02,4.78,7.33,0.86,0.31,3.29,1.88,32.17,0.463,0.371,0.914
292,63,402,2022,21:05,3.17,7.38,1.51,4.1,0.43,0.54,0.35,2.1,2.44,1.51,0.56,0.16,0.7,1.54,8.29,0.43,0.368,0.794
293,69,137,2022,12:29,2.46,4.06,0.0,0.04,0.97,1.83,2.04,4.52,6.57,0.48,0.65,0.42,1.09,1.7,5.9,0.607,0.0,0.532
294,82,30,2022,32:23,4.56,9.65,1.61,4.3,4.27,5.04,1.06,3.4,4.46,1.56,0.7,0.12,1.05,1.26,15.0,0.473,0.374,0.847
295,53,393,2022,19:19,1.74,3.96,0.81,2.32,0.57,0.74,0.09,1.47,1.57,1.42,0.53,0.08,0.45,1.51,4.85,0.438,0.35,0.769
296,27,160,2022,17:00,2.07,6.15,1.3,4.22,0.67,0.78,0.15,1.67,1.81,1.33,0.59,0.11,0.81,1.7,6.11,0.337,0.307,0.857
297,18,112,2022,18:50,2.5,5.22,1.33,3.06,0.56,0.67,0.94,2.89,3.83,1.5,0.67,0.33,0.39,1.5,6.89,0.479,0.436,0.833
298,46,215,2022,15:19,1.67,4.43,1.0,3.11,0.11,0.17,0.11,1.09,1.2,0.89,0.41,0.39,0.48,1.48,4.46,0.377,0.322,0.625
299,57,187,2022,13:58,2.39,4.42,0.74,1.95,0.91,1.18,1.26,2.33,3.6,0.89,0.44,0.42,0.91,1.84,6.42,0.54,0.378,0.776
300,25,273,2022,6:21,0.64,1.2,0.0,0.08,0.44,0.64,0.96,1.44,2.4,0.48,0.16,0.44,0.64,1.12,1.72,0.533,0.0,0.688
301,76,303,2022,35:26,7.79,17.88,2.79,7.21,2.45,3.18,0.72,3.62,4.34,5.7,0.95,0.51,2.41,2.05,20.82,0.436,0.387,0.769
302,16,491,2022,13:48,2.38,3.94,0.0,0.13,1.5,2.19,1.75,2.44,4.19,0.63,0.19,0.25,0.88,2.13,6.25,0.603,0.0,0.686
303,67,409,2022,30:09,4.1,9.88,1.15,3.42,3.34,3.88,0.31,2.21,2.52,4.48,0.76,0.15,1.69,2.19,12.7,0.415,0.336,0.862
304,17,345,2022,11:28,0.76,2.12,0.06,0.12,0.47,0.71,0.59,2.12,2.71,0.59,0.94,0.59,0.76,1.88,2.06,0.361,0.5,0.667
305,20,19,2022,8:39,0.45,1.85,0.4,1.15,0.0,0.0,0.0,0.75,0.75,1.15,0.25,0.0,0.35,0.85,1.3,0.243,0.348,0.0
306,80,455,2022,24:57,5.66,10.31,0.49,1.38,2.33,2.83,2.89,7.39,10.28,1.79,0.25,0.65,2.0,3.08,14.14,0.549,0.355,0.823
307,65,340,2022,21:14,2.86,4.69,0.22,0.65,0.85,1.22,1.63,3.82,5.45,1.83,0.86,0.57,0.65,2.05,6.78,0.61,0.333,0.696
308,76,351,2022,31:41,3.01,7.8,2.14,5.51,0.66,0.91,0.72,4.33,5.05,3.72,0.84,0.64,1.5,3.14,8.83,0.386,0.389,0.725
309,56,383,2022,22:21,3.29,7.11,1.43,3.68,1.16,1.38,0.29,2.13,2.41,1.57,0.57,0.27,1.3,2.34,9.16,0.462,0.388,0.844
310,67,70,2022,35:56,10.13,20.64,2.43,7.27,3.93,5.13,1.16,5.69,6.85,3.46,1.12,0.39,2.94,2.57,26.63,0.491,0.335,0.765
311,78,344,2022,19:20,2.85,6.44,1.97,4.92,0.5,0.58,0.24,2.13,2.37,0.99,0.38,0.18,0.69,1.86,8.17,0.442,0.401,0.867
312,22,2189,2022,16:43,1.86,3.14,0.59,1.18,0.27,0.32,1.09,2.05,3.14,1.36,1.0,0.23,0.73,1.95,4.59,0.594,0.5,0.857
313,72,416,2022,37:25,8.93,18.54,1.31,4.03,5.17,6.74,1.85,6.0,7.85,5.85,0.92,0.5,2.39,3.21,24.33,0.482,0.324,0.767
314,37,260,2022,9:37,1.3,3.0,0.49,1.24,0.7,0.97,0.16,0.97,1.14,0.62,0.27,0.08,0.65,0.49,3.78,0.432,0.391,0.722
315,74,272,2022,20:22,2.7,6.11,1.49,3.34,1.27,1.41,0.53,2.51,3.04,1.34,0.41,0.09,1.05,1.59,8.16,0.442,0.445,0.904
316,76,493,2022,28:31,4.29,6.76,0.0,0.03,2.18,3.13,3.11,6.84,9.95,1.01,0.38,1.29,1.54,2.88,10.76,0.634,0.0,0.697
317,66,158,2022,30:26,2.97,7.59,1.73,5.12,0.68,0.89,1.73,3.06,4.79,1.52,0.83,0.55,0.94,2.18,8.35,0.391,0.337,0.763
318,70,458,2022,36:48,6.36,16.2,3.06,8.84,3.67,4.13,0.43,3.74,4.17,7.19,1.77,0.56,2.04,2.81,19.44,0.392,0.346,0.889
319,56,2175,2022,14:26,1.66,3.52,0.66,1.96,0.8,1.07,0.16,1.52,1.68,0.79,0.25,0.16,0.46,1.23,4.79,0.472,0.336,0.75
320,66,247,2022,13:37,1.74,3.48,0.41,1.21,0.94,1.27,0.91,1.41,2.32,0.52,0.44,0.56,0.38,1.3,4.83,0.5,0.338,0.738
321,76,202,2022,32:16,3.62,6.84,0.8,2.16,1.74,2.32,1.87,5.93,7.8,3.82,1.16,0.28,1.54,2.57,9.78,0.529,0.372,0.75
322,16,135,2022,5:03,0.63,2.06,0.13,1.0,0.0,0.0,0.06,0.81,0.88,0.63,0.38,0.06,0.31,0.44,1.38,0.303,0.125,0.0
323,53,432,2022,13:54,2.34,5.08,0.58,1.64,1.87,2.04,0.25,1.25,1.49,1.28,0.58,0.19,0.94,1.57,7.13,0.461,0.356,0.917
324,73,66,2022,30:18,5.37,13.58,1.96,6.01,1.64,2.11,0.62,2.73,3.34,2.59,0.89,0.22,1.42,3.29,14.34,0.396,0.326,0.779
325,59,74,2022,18:18,3.9,6.25,0.44,1.0,1.58,2.14,1.46,4.29,5.75,0.53,0.27,0.51,0.64,1.73,9.81,0.623,0.441,0.738
326,62,330,2022,27:19,3.98,8.31,1.26,3.29,1.03,1.24,0.42,2.97,3.39,5.26,0.69,0.21,0.97,1.21,10.26,0.48,0.382,0.831
327,60,666489,2022,14:48,1.8,3.78,0.72,1.92,0.63,0.68,0.4,1.73,2.13,1.33,0.37,0.23,0.62,1.4,4.95,0.476,0.374,0.927
328,43,390,2022,8:02,0.65,1.95,0.4,1.07,0.37,0.56,0.23,1.14,1.37,0.53,0.35,0.09,0.47,0.91,2.07,0.333,0.37,0.667
329,69,261,2022,11:38,1.64,2.46,0.04,0.19,0.46,0.57,1.25,1.61,2.86,0.77,0.16,0.67,0.36,1.17,3.78,0.665,0.231,0.821
330,77,58,2022,19:52,3.39,6.88,0.81,2.45,1.66,2.18,2.04,3.44,5.48,0.38,0.61,0.82,0.53,1.87,9.25,0.492,0.328,0.762
331,7,439,2022,15:25,3.0,6.29,0.29,1.57,0.71,1.71,1.0,2.14,3.14,1.29,0.29,0.86,0.43,1.0,7.0,0.477,0.182,0.417
332,37,257,2022,25:04,2.08,4.57,1.05,3.03,0.73,1.03,0.81,2.84,3.65,1.41,0.32,0.81,0.73,2.3,5.95,0.456,0.348,0.711
333,79,110,2022,24:42,2.89,6.33,1.27,3.2,0.41,0.57,1.84,3.56,5.39,1.48,0.63,0.78,0.92,2.27,7.44,0.456,0.395,0.711
334,72,8,2022,27:24,3.4,7.74,2.03,5.08,1.58,1.75,0.85,2.44,3.29,2.26,0.86,0.19,1.0,1.63,10.42,0.44,0.399,0.905
335,56,128,2022,17:46,3.84,6.7,0.09,0.38,1.55,2.64,1.02,2.45,3.46,0.98,0.98,0.29,1.25,2.21,9.32,0.573,0.238,0.588
336,10,38017718,2022,9:00,0.5,2.7,0.4,2.5,0.2,0.2,0.2,0.4,0.6,0.4,0.2,0.0,0.0,0.6,1.6,0.185,0.16,1.0
337,38,38017719,2022,5:39,0.84,1.89,0.18,0.71,0.37,0.55,0.32,0.66,0.97,0.58,0.29,0.13,0.21,0.63,2.24,0.444,0.259,0.667
338,3,38017720,2022,2:40,0.33,1.33,0.33,1.33,0.0,0.0,0.0,0.67,0.67,0.0,0.0,0.0,0.0,0.0,1.0,0.25,0.25,0.0
339,23,38017721,2022,8:10,1.26,2.57,0.26,0.61,0.48,0.87,0.35,1.26,1.61,0.48,0.09,0.48,0.35,0.61,3.26,0.492,0.429,0.55
340,16,38017722,2022,4:03,0.56,1.44,0.06,0.44,0.13,0.13,0.31,0.44,0.75,0.13,0.06,0.0,0.13,0.13,1.31,0.391,0.143,1.0
341,51,38017724,2022,15:54,1.29,3.57,0.9,2.67,0.29,0.35,0.67,1.27,1.94,0.59,0.22,0.14,0.35,1.24,3.78,0.363,0.338,0.833
342,22,38017725,2022,8:46,1.09,2.14,0.05,0.09,0.45,0.73,1.41,0.86,2.27,0.18,0.32,0.36,0.41,0.68,2.68,0.511,0.5,0.625
343,19,38124126,2022,11:44,0.89,2.79,0.42,1.84,0.16,0.21,0.16,0.74,0.89,0.58,0.37,0.47,0.05,1.16,2.37,0.321,0.229,0.75
344,51,77,2022,22:03,3.92,9.0,1.94,4.69,3.0,3.69,0.37,2.73,3.1,2.24,0.75,0.16,1.14,1.92,12.78,0.436,0.414,0.814
345,35,329,2022,10:06,1.34,3.29,0.8,2.03,0.29,0.29,0.37,1.66,2.03,0.89,0.26,0.14,0.51,1.37,3.77,0.409,0.394,1.0
346,57,194,2022,11:57,2.19,3.67,0.0,0.11,1.23,1.77,1.18,1.61,2.79,0.58,0.3,0.44,0.61,1.32,5.61,0.598,0.0,0.693
347,50,487,2022,24:27,2.76,5.82,0.82,2.38,1.04,1.2,1.16,2.44,3.6,3.88,1.82,0.34,0.88,1.18,7.38,0.474,0.345,0.867
348,72,405,2022,32:22,6.19,13.29,2.69,6.86,2.49,3.0,0.49,2.54,3.03,6.18,0.99,0.42,2.6,1.94,17.57,0.466,0.393,0.829
349,31,447,2022,33:07,7.45,14.71,2.03,5.55,4.16,4.71,1.68,6.65,8.32,4.77,0.65,0.74,2.87,3.81,21.1,0.507,0.366,0.884
350,42,217,2022,8:14,1.31,2.12,0.12,0.19,0.36,0.45,0.69,1.21,1.9,0.21,0.1,0.26,0.33,1.19,3.1,0.618,0.625,0.789
351,29,485,2022,26:39,2.79,6.83,0.48,1.55,0.69,0.97,1.69,3.31,5.0,3.38,1.03,0.38,1.48,3.07,6.76,0.409,0.311,0.714
352,48,360,2022,32:16,7.35,17.06,2.25,7.06,3.29,4.33,1.35,3.83,5.19,1.13,1.42,0.38,1.33,2.94,20.25,0.431,0.319,0.76
353,73,373,2022,26:38,5.37,8.52,0.0,0.01,1.64,2.78,3.26,5.79,9.05,2.74,0.9,1.21,1.78,2.71,12.38,0.63,0.0,0.591
354,67,65,2022,26:02,5.28,10.93,1.97,4.43,2.39,2.75,0.63,3.55,4.18,3.7,0.67,0.27,1.46,1.63,14.93,0.484,0.444,0.87
355,36,3547095,2022,9:51,1.64,2.0,0.0,0.0,0.19,0.56,0.83,2.44,3.28,0.31,0.17,0.44,0.5,0.94,3.47,0.819,0.0,0.35
356,72,131,2022,26:17,3.26,7.5,2.08,5.25,0.81,0.99,1.11,3.4,4.51,3.5,1.35,0.15,1.56,1.85,9.42,0.435,0.397,0.817
357,39,666564,2022,10:27,1.51,2.87,0.0,0.1,0.9,1.28,1.38,2.13,3.51,0.79,0.15,0.85,0.64,1.9,3.92,0.527,0.0,0.7
358,70,175,2022,35:36,10.29,20.31,0.86,2.49,9.84,10.84,0.9,3.97,4.87,5.39,1.66,0.99,2.79,2.86,31.27,0.506,0.345,0.908
359,64,666530,2022,13:08,2.41,5.69,1.39,3.8,0.53,0.67,0.31,1.86,2.17,1.05,0.67,0.19,0.83,1.63,6.73,0.423,0.366,0.791
360,35,476,2022,23:25,3.63,4.86,0.0,0.03,0.71,1.17,2.97,5.37,8.34,1.43,0.63,1.37,0.97,1.94,7.97,0.747,0.0,0.61
361,64,666609,2022,23:19,4.48,9.25,0.83,2.58,1.44,1.92,0.84,3.61,4.45,0.91,0.3,0.41,0.84,1.14,11.23,0.485,0.321,0.748
362,69,19465326,2022,14:11,2.58,4.88,0.3,1.22,1.14,1.52,1.72,2.33,4.06,0.99,0.23,0.45,0.86,1.83,6.61,0.528,0.25,0.752
363,69,166,2022,14:54,2.25,3.77,0.14,0.52,0.75,1.22,1.68,2.46,4.14,0.52,0.38,0.51,0.67,2.12,5.39,0.596,0.278,0.619
364,42,397,2022,16:31,2.1,5.64,1.5,4.57,0.69,0.76,0.19,1.45,1.64,1.1,0.33,0.0,0.67,1.83,6.38,0.371,0.328,0.906
365,70,50927,2022,13:43,2.73,6.43,1.13,3.19,0.5,0.59,0.21,1.34,1.56,1.29,0.39,0.1,0.94,0.94,7.09,0.424,0.354,0.854
366,70,1603383,2022,25:48,3.29,8.21,1.7,5.11,0.97,1.11,0.39,1.76,2.14,2.44,0.89,0.06,1.34,2.24,9.24,0.4,0.332,0.872
367,73,666423,2022,33:57,6.99,16.11,1.66,5.34,3.97,5.37,0.82,4.22,5.04,2.75,0.42,0.21,2.25,2.45,19.6,0.434,0.31,0.74
368,40,666860,2022,24:40,3.48,7.8,1.13,3.6,1.6,1.88,0.45,1.75,2.2,1.43,0.98,0.35,1.18,1.8,9.68,0.446,0.313,0.853
369,78,3547256,2022,27:40,4.62,10.94,1.97,5.47,2.63,3.05,1.31,3.41,4.72,1.51,0.9,0.18,0.91,1.6,13.83,0.422,0.361,0.861
370,47,3547257,2022,15:52,2.17,5.04,0.87,2.47,1.21,1.62,0.38,1.47,1.85,1.15,0.57,0.19,0.89,1.09,6.43,0.43,0.353,0.75
371,60,3547258,2022,25:38,3.42,6.37,1.13,2.82,1.13,1.57,0.92,2.12,3.03,1.72,0.7,0.08,1.2,2.6,9.1,0.537,0.402,0.723
372,79,3547259,2022,30:35,4.68,9.06,1.35,3.41,1.34,1.82,1.16,2.72,3.89,1.87,0.94,0.96,1.42,3.44,12.06,0.517,0.398,0.736
373,68,3547264,2022,18:48,3.56,7.47,0.79,2.81,1.53,2.01,1.9,3.9,5.79,0.97,0.31,0.88,1.06,2.25,9.44,0.476,0.283,0.759
374,61,3547285,2022,19:21,3.08,5.02,0.07,0.25,0.8,1.46,1.98,3.05,5.03,1.57,0.95,0.48,0.72,1.59,7.03,0.614,0.267,0.551
375,6,18677954,2022,12:50,2.5,5.33,1.17,2.33,0.0,0.0,0.17,0.5,0.67,1.33,0.83,0.0,0.83,0.83,6.17,0.469,0.5,0.0
376,7,17896099,2022,8:00,0.86,2.14,0.43,0.86,0.71,1.14,0.14,0.57,0.71,0.86,0.29,0.0,0.29,0.29,2.86,0.4,0.5,0.625
377,15,17554004,2022,7:16,1.47,2.93,0.67,1.67,0.13,0.53,0.4,1.0,1.4,0.13,0.13,0.0,0.2,0.73,3.73,0.5,0.4,0.25
378,7,17896103,2022,13:34,2.14,3.57,0.86,1.71,2.14,2.29,0.86,2.14,3.0,1.43,0.43,0.57,0.71,2.14,7.29,0.6,0.5,0.938
379,15,19465585,2022,10:32,1.2,3.0,0.33,1.27,0.2,0.2,0.13,1.47,1.6,1.47,0.67,0.27,0.2,1.53,2.93,0.4,0.263,1.0
380,52,38017676,2022,13:26,1.85,4.67,0.9,2.73,0.52,0.71,0.73,1.48,2.21,0.67,0.4,0.13,0.85,1.37,5.12,0.395,0.331,0.73
381,62,452,2022,29:24,6.48,11.82,1.5,4.02,3.48,4.45,1.42,6.1,7.52,1.44,0.58,2.26,1.66,3.47,17.95,0.548,0.373,0.783
382,74,290,2022,16:50,2.53,5.51,1.18,3.24,1.36,1.68,0.92,3.14,4.05,0.89,0.36,0.42,0.88,1.31,7.59,0.458,0.363,0.815
383,70,377,2022,25:56,5.69,11.47,1.36,3.67,1.37,1.79,2.2,7.4,9.6,1.5,0.41,0.23,1.16,1.64,14.1,0.496,0.37,0.768
384,82,282,2022,23:51,2.95,4.68,0.0,0.01,1.15,1.89,3.34,5.93,9.27,2.52,0.63,0.61,0.55,2.74,7.05,0.63,0.0,0.606
385,82,666908,2022,28:26,4.06,9.89,2.5,7.07,1.05,1.18,0.61,2.67,3.28,2.1,0.52,0.15,0.85,2.1,11.67,0.411,0.353,0.887
386,7,666960,2022,12:17,2.57,5.29,0.86,2.57,1.14,1.29,0.0,1.0,1.0,2.0,0.0,0.29,1.71,1.0,7.14,0.486,0.333,0.889
387,70,666451,2022,21:32,3.73,6.83,0.43,1.61,1.17,1.54,0.99,4.8,5.79,0.99,0.44,1.21,1.6,1.31,9.06,0.546,0.265,0.759
388,29,666969,2022,33:02,9.83,16.17,0.24,0.66,6.1,8.55,2.0,4.97,6.97,4.59,1.1,0.55,3.41,2.24,26.0,0.608,0.368,0.714
389,61,666786,2022,31:57,9.28,19.9,1.51,4.92,6.1,8.15,1.0,4.85,5.85,8.08,1.08,0.26,3.38,1.64,26.16,0.466,0.307,0.748
390,44,666940,2022,20:16,1.66,4.02,1.02,2.89,0.34,0.52,0.45,2.95,3.41,0.84,0.64,0.48,0.39,2.02,4.68,0.412,0.354,0.652
391,31,39398582,2022,13:46,1.52,2.87,0.0,0.19,0.71,1.0,1.55,2.52,4.06,0.81,0.39,0.39,0.52,1.71,3.74,0.528,0.0,0.71
392,31,38017704,2022,7:19,1.39,3.52,1.03,2.71,0.13,0.19,0.03,1.26,1.29,0.35,0.19,0.13,0.35,0.45,3.94,0.394,0.381,0.667
393,42,24,2022,23:32,4.81,9.1,0.45,1.57,1.93,2.57,2.24,4.17,6.4,0.86,0.45,0.71,1.1,1.93,12.0,0.529,0.288,0.75
394,49,28,2022,15:45,2.39,4.92,0.98,2.53,0.84,1.27,1.18,3.41,4.59,0.94,0.27,0.88,0.61,2.14,6.59,0.485,0.387,0.661
395,67,32,2022,21:39,3.52,6.94,0.84,2.12,1.78,2.24,0.97,2.73,3.7,1.54,0.69,0.3,0.84,0.94,9.66,0.508,0.394,0.793
396,83,61,2022,35:44,7.14,15.27,2.04,5.33,3.81,4.25,0.95,3.43,4.39,3.29,1.1,0.73,1.53,1.92,20.13,0.468,0.382,0.895
397,32,666604,2022,15:01,1.91,3.38,0.41,1.09,0.94,1.41,0.84,1.91,2.75,0.72,0.75,0.66,0.63,1.63,5.16,0.565,0.371,0.667
398,4,24417679,2022,5:00,0.75,2.25,0.25,0.75,0.0,0.0,0.0,0.75,0.75,1.25,0.0,0.0,0.25,0.5,1.75,0.333,0.333,0.0
399,53,3547268,2022,13:43,2.08,3.7,0.32,1.23,0.75,1.17,1.23,1.38,2.6,0.34,0.32,0.43,0.58,1.98,5.23,0.561,0.262,0.645
400,22,17896022,2022,11:21,2.32,5.55,0.55,1.32,1.32,1.73,0.32,1.05,1.36,0.91,0.41,0.0,0.55,0.95,6.5,0.418,0.414,0.763
401,64,17896023,2022,12:15,2.39,5.14,0.33,1.39,0.7,0.94,0.31,0.8,1.11,1.14,0.52,0.23,0.94,0.92,5.81,0.465,0.236,0.75
402,67,17896024,2022,29:42,3.61,7.72,0.85,2.57,1.91,2.49,1.49,2.6,4.09,2.49,1.57,0.64,1.36,3.18,9.99,0.468,0.331,0.766
403,80,18677986,2022,31:14,4.91,10.2,2.58,6.34,2.21,2.44,0.74,2.83,3.56,1.43,1.13,0.54,0.78,1.98,14.61,0.482,0.406,0.908
404,16,17896025,2022,5:37,1.06,2.19,0.13,0.31,0.38,0.5,0.38,0.5,0.88,0.5,0.44,0.19,0.19,0.94,2.63,0.486,0.4,0.75
405,80,17896026,2022,32:36,6.78,13.98,1.63,4.5,3.39,4.03,0.88,3.24,4.11,3.54,0.96,0.21,2.09,2.29,18.56,0.485,0.361,0.842
406,37,17896027,2022,15:12,2.27,5.3,0.68,2.62,0.46,0.59,0.43,1.7,2.14,0.95,0.38,0.16,1.0,1.57,5.68,0.429,0.258,0.773
407,59,38017620,2022,20:30,2.8,6.54,1.37,3.86,0.95,1.17,0.73,1.32,2.05,1.14,0.27,0.25,0.69,1.68,7.92,0.427,0.355,0.812
408,46,17896030,2022,19:32,2.67,7.24,1.2,3.78,1.33,1.57,0.41,2.09,2.5,1.39,0.54,0.2,0.89,1.41,7.87,0.369,0.316,0.847
409,56,17896031,2022,19:24,4.07,10.2,2.09,5.63,1.54,1.82,0.36,2.05,2.41,3.07,0.7,0.27,1.46,1.71,11.77,0.399,0.371,0.843
410,46,17896032,2022,11:58,1.46,2.61,0.09,0.41,0.41,0.57,0.8,1.89,2.7,0.33,0.37,0.65,0.67,1.41,3.41,0.558,0.211,0.731
411,64,17896033,2022,11:58,1.2,3.36,0.63,2.09,0.44,0.66,0.2,0.58,0.78,1.13,0.58,0.13,0.39,0.94,3.47,0.358,0.299,0.667
412,63,17553992,2022,12:59,1.71,3.6,0.78,2.14,0.59,0.84,0.44,1.22,1.67,0.81,0.29,0.13,0.54,0.86,4.79,0.476,0.363,0.698
413,63,17896035,2022,16:33,2.84,5.05,0.03,0.22,1.51,2.32,1.79,2.68,4.48,0.79,0.49,1.48,0.81,2.44,7.22,0.563,0.143,0.651
414,68,17896036,2022,17:29,2.9,7.37,1.19,3.78,0.62,0.81,0.4,1.9,2.29,1.76,0.59,0.16,0.96,1.46,7.6,0.393,0.315,0.764
415,34,17896037,2022,15:08,2.03,5.68,0.97,3.21,0.59,0.88,0.24,1.85,2.09,1.21,0.41,0.15,0.94,1.44,5.62,0.358,0.303,0.667
416,18,38017630,2022,13:00,1.94,5.78,0.83,3.5,0.11,0.22,0.44,1.72,2.17,0.33,0.22,0.17,0.17,0.72,4.83,0.337,0.238,0.5
417,48,17896038,2022,11:35,1.94,3.56,0.13,0.23,0.73,1.15,2.06,2.1,4.17,0.77,0.31,0.67,0.88,1.85,4.73,0.544,0.545,0.636
418,69,18678001,2022,14:01,1.38,3.45,0.57,1.78,0.48,0.68,0.52,1.67,2.19,0.52,0.32,0.33,0.64,0.96,3.8,0.399,0.317,0.702
419,71,17896040,2022,14:52,2.3,4.65,0.42,1.49,0.69,1.13,0.76,3.31,4.07,1.21,0.58,0.48,0.63,1.62,5.7,0.494,0.283,0.612
420,40,17896041,2022,10:28,1.68,4.45,0.7,2.03,0.68,1.03,0.28,0.83,1.1,1.48,0.5,0.15,1.05,1.08,4.73,0.376,0.346,0.659
421,14,17896042,2022,8:55,1.29,2.93,0.36,1.29,0.0,0.14,0.14,1.43,1.57,1.93,0.14,0.0,0.71,0.5,2.93,0.439,0.278,0.0
422,36,17896044,2022,10:50,1.0,2.58,0.47,1.56,0.31,0.42,0.64,1.06,1.69,0.64,0.39,0.17,0.36,1.11,2.78,0.387,0.304,0.733
423,74,17896045,2022,28:20,3.93,7.91,2.2,5.19,1.01,1.19,0.45,2.35,2.8,1.16,0.43,0.12,0.74,1.31,11.08,0.497,0.424,0.852
424,80,17553994,2022,18:05,2.26,4.99,0.79,2.46,0.31,0.39,0.2,1.11,1.31,2.31,0.55,0.19,0.78,1.4,5.63,0.454,0.32,0.806
425,65,17553995,2022,29:00,4.05,7.74,1.34,3.4,3.57,4.12,0.52,2.54,3.06,3.35,0.51,0.29,1.57,1.66,13.0,0.523,0.394,0.866
426,57,17896048,2022,16:37,3.53,8.0,0.89,2.33,2.65,3.05,0.14,1.53,1.67,1.37,0.35,0.16,1.11,0.96,10.6,0.441,0.383,0.868
427,23,17896049,2022,9:57,1.57,3.39,0.04,0.52,0.52,0.74,0.48,0.78,1.26,0.91,0.43,0.04,0.78,1.35,3.7,0.462,0.083,0.706
428,78,17896055,2022,34:52,6.03,13.19,0.82,2.9,2.49,3.24,2.37,4.32,6.69,4.78,1.09,0.79,2.0,2.21,15.36,0.457,0.283,0.767
429,28,17896056,2022,8:34,2.25,4.14,0.5,1.39,1.46,1.86,1.18,1.07,2.25,0.64,0.11,0.07,0.5,1.54,6.46,0.543,0.359,0.788
430,62,17896058,2022,19:02,2.92,5.21,0.4,1.03,1.16,1.61,0.68,3.16,3.84,2.1,0.52,0.19,1.15,1.9,7.4,0.56,0.391,0.72
431,43,17896059,2022,15:23,2.26,5.35,0.7,2.3,0.91,1.33,1.63,2.67,4.3,1.44,0.33,0.28,0.81,1.21,6.12,0.422,0.303,0.684
432,4,38017665,2022,6:15,1.25,3.0,0.75,2.5,0.5,0.5,0.25,1.25,1.5,0.25,0.0,0.25,0.0,0.5,3.75,0.417,0.3,1.0
433,31,17896094,2022,9:01,1.77,4.16,0.48,1.65,0.55,0.77,0.35,1.1,1.45,1.16,0.42,0.42,0.58,1.1,4.58,0.426,0.294,0.708
434,61,17896097,2022,21:25,3.3,8.02,1.36,4.05,1.07,1.31,0.46,1.85,2.31,3.05,1.1,0.16,1.33,2.05,9.02,0.411,0.336,0.813
435,60,228,2022,37:18,9.9,20.05,3.13,8.27,4.12,4.55,0.98,4.08,5.07,5.52,1.1,0.75,2.13,2.75,27.05,0.494,0.379,0.905
436,31,129,2022,11:32,1.45,3.77,0.68,2.42,0.32,0.42,0.87,2.58,3.45,1.71,0.13,0.45,1.03,1.84,3.9,0.385,0.28,0.769
437,68,358,2022,28:29,4.09,8.19,1.37,3.47,2.91,3.41,1.21,4.97,6.18,3.71,0.88,0.54,2.47,3.41,12.46,0.499,0.394,0.853
438,76,81,2022,31:21,3.84,8.32,1.78,4.2,1.36,1.64,0.46,2.28,2.74,2.41,1.47,0.46,1.13,1.91,10.82,0.462,0.423,0.824
439,79,371,2022,25:53,4.16,6.13,0.0,0.0,2.52,3.96,2.9,5.96,8.86,3.1,0.58,0.59,1.48,2.75,10.85,0.68,0.0,0.636
440,4,86,2022,11:15,1.5,3.5,0.25,0.75,1.0,1.75,0.25,1.0,1.25,1.75,0.25,0.25,1.0,1.25,4.25,0.429,0.333,0.571
441,63,182,2022,35:37,6.89,14.49,2.29,5.7,4.41,5.43,0.84,3.65,4.49,2.38,0.81,0.84,1.84,2.41,20.48,0.475,0.401,0.813
442,74,197,2022,20:37,2.72,5.95,1.92,4.5,0.24,0.38,0.31,1.91,2.22,1.36,0.46,0.18,0.55,1.89,7.59,0.457,0.426,0.643
443,64,305,2022,20:30,3.73,8.17,1.92,4.66,0.83,1.09,0.36,1.8,2.16,1.42,0.2,0.09,0.91,1.84,10.22,0.457,0.413,0.757
444,68,177,2022,30:15,6.31,11.19,0.88,2.54,2.81,4.62,2.41,4.15,6.56,2.99,0.79,0.75,1.44,1.9,16.31,0.564,0.347,0.608
445,67,486,2022,25:57,5.91,11.48,1.57,4.16,3.24,4.19,1.3,6.03,7.33,1.81,0.45,1.07,1.81,2.52,16.63,0.515,0.376,0.772
446,77,359,2022,20:06,3.1,6.88,1.51,4.05,0.97,1.4,0.32,1.96,2.29,1.49,0.45,0.14,0.68,1.58,8.69,0.451,0.372,0.694
447,31,296,2022,5:29,1.32,1.94,0.0,0.03,0.65,0.87,0.65,1.29,1.94,0.29,0.16,0.06,0.45,0.32,3.29,0.683,0.0,0.741
448,42,417,2022,26:21,3.17,5.6,0.0,0.05,0.6,1.36,0.95,5.31,6.26,6.1,1.29,0.57,2.31,3.31,6.93,0.566,0.0,0.439
449,79,406,2022,34:38,7.3,11.87,0.39,1.05,4.11,5.54,3.18,9.14,12.32,7.25,0.82,0.49,2.91,3.53,19.11,0.615,0.373,0.742
450,82,38,2022,25:40,4.54,11.46,2.88,8.05,0.61,0.79,0.43,3.04,3.46,1.51,0.79,0.11,1.11,1.32,12.56,0.396,0.358,0.769
451,80,210,2022,31:05,5.94,12.98,3.6,8.46,1.33,1.61,0.84,4.16,5.0,2.81,1.15,0.33,1.74,1.95,16.8,0.458,0.425,0.822
452,46,227,2022,34:15,9.0,18.57,1.41,3.61,5.41,6.15,0.54,4.93,5.48,5.85,0.7,0.43,3.3,2.59,24.83,0.485,0.392,0.88
453,41,248,2022,11:38,1.34,2.1,0.24,0.41,0.54,0.71,1.02,1.95,2.98,0.37,0.22,0.51,0.56,1.34,3.46,0.64,0.588,0.759
454,74,277,2022,30:13,4.32,10.03,1.72,4.38,1.76,2.43,0.72,3.09,3.81,3.88,0.99,0.32,1.57,2.3,12.12,0.431,0.392,0.722
455,75,334,2022,36:26,8.25,17.8,1.81,5.27,2.12,2.56,0.72,4.53,5.25,6.05,1.49,0.27,2.16,1.45,20.44,0.464,0.344,0.828
456,65,335,2022,32:49,7.28,16.02,2.65,6.65,2.77,3.32,0.74,3.22,3.95,6.15,1.02,0.25,2.23,1.58,19.97,0.454,0.398,0.833
457,76,320,2022,20:38,3.17,6.62,0.74,1.95,1.3,1.53,0.51,2.0,2.51,3.16,0.33,0.17,1.24,1.62,8.38,0.479,0.378,0.853
458,32,338,2022,14:37,2.41,5.41,1.31,3.09,0.81,1.22,0.47,1.16,1.63,1.66,0.5,0.16,0.75,0.72,6.94,0.445,0.424,0.667
459,72,356,2022,18:42,2.25,5.75,0.92,2.74,1.93,2.67,1.51,1.97,3.49,1.46,0.78,0.47,0.88,1.58,7.35,0.391,0.335,0.724
460,62,375,2022,29:00,6.42,13.18,3.03,7.32,1.55,1.94,1.03,4.47,5.5,1.05,0.6,0.47,1.1,1.92,17.42,0.487,0.414,0.8
461,59,399,2022,26:57,3.19,4.75,0.0,0.0,1.0,2.07,4.53,4.88,9.41,0.9,0.95,1.85,0.69,2.71,7.37,0.671,0.0,0.484
462,48,413,2022,23:51,4.94,9.75,1.0,2.54,3.4,4.15,0.77,1.42,2.19,2.88,0.56,0.13,1.77,2.33,14.27,0.506,0.393,0.819
463,40,414,2022,20:06,2.83,7.5,1.88,4.98,1.13,1.28,0.28,1.43,1.7,2.33,0.68,0.13,0.9,1.53,8.65,0.377,0.377,0.882
464,62,419,2022,35:04,7.53,16.85,3.42,9.06,2.58,2.89,0.29,2.31,2.6,4.08,0.68,0.23,2.06,2.29,21.06,0.447,0.377,0.894
465,67,3089,2022,31:47,6.06,14.06,2.48,6.79,2.57,3.06,0.46,2.15,2.61,1.6,1.55,0.21,0.82,1.52,17.16,0.431,0.365,0.839
466,79,457,2022,24:04,3.13,5.73,0.37,1.15,1.22,1.76,2.15,5.25,7.41,2.34,1.06,0.28,1.24,2.42,7.84,0.545,0.319,0.691
467,58,3547287,2022,31:40,7.76,16.19,2.86,7.02,3.12,3.53,0.74,4.28,5.02,4.38,0.97,0.38,2.17,2.59,21.5,0.479,0.408,0.883
468,36,38017702,2022,7:58,0.97,2.31,0.06,0.42,0.17,0.36,0.25,0.81,1.06,1.61,0.31,0.14,0.5,0.42,2.17,0.422,0.133,0.462
469,72,38017689,2022,19:24,3.44,7.4,1.4,3.6,0.58,0.65,0.51,1.61,2.13,1.01,0.58,0.17,0.58,1.21,8.88,0.465,0.39,0.894
470,80,38017690,2022,22:12,3.83,8.1,1.28,3.54,0.94,1.31,0.79,2.16,2.95,1.18,0.48,0.3,1.03,1.7,9.86,0.472,0.36,0.714
471,6,38017701,2022,6:40,0.67,1.17,0.0,0.17,0.17,0.33,0.33,0.67,1.0,0.5,0.67,0.0,0.33,1.5,1.5,0.571,0.0,0.5
472,77,38017703,2022,30:28,5.49,10.62,1.0,2.83,2.09,2.58,1.12,3.36,4.48,3.31,1.4,0.47,1.66,2.52,14.08,0.517,0.353,0.809
473,12,38017707,2022,5:35,0.67,1.58,0.17,0.58,0.08,0.17,0.17,0.58,0.75,0.92,0.17,0.17,0.33,0.42,1.58,0.421,0.286,0.5
474,46,38017708,2022,17:10,1.74,4.39,0.57,1.74,1.3,1.74,0.43,1.59,2.02,1.2,0.33,0.13,0.93,1.04,5.35,0.396,0.325,0.75
475,76,38017709,2022,15:29,1.88,3.8,0.45,1.26,0.53,0.84,0.63,1.75,2.38,0.78,0.54,0.22,0.46,1.33,4.74,0.495,0.354,0.625
476,78,3547293,2022,23:03,3.18,7.35,0.85,2.81,1.77,2.24,0.62,2.97,3.59,2.42,0.68,0.18,1.24,1.47,8.97,0.433,0.301,0.789
477,43,27924547,2022,12:50,1.67,4.3,1.37,3.91,0.37,0.47,0.42,1.4,1.81,0.7,0.35,0.26,0.28,1.07,5.09,0.389,0.351,0.8
478,34,17896017,2022,9:03,1.18,3.18,0.94,2.47,0.29,0.35,0.12,0.65,0.76,0.47,0.15,0.03,0.21,0.79,3.59,0.37,0.381,0.833
479,44,17896021,2022,18:39,2.52,5.66,0.86,2.55,0.8,0.95,1.61,2.5,4.11,0.98,0.57,0.27,0.43,1.61,6.7,0.446,0.339,0.833
480,80,17896060,2022,16:06,2.25,4.95,1.75,4.19,0.15,0.21,0.44,2.11,2.55,0.89,0.36,0.26,0.38,1.24,6.4,0.455,0.418,0.706
481,17,38017649,2022,18:42,3.47,7.65,1.94,4.82,0.82,1.0,0.59,2.94,3.53,0.59,0.29,0.29,0.65,1.53,9.71,0.454,0.402,0.824
482,75,17896062,2022,28:55,5.89,10.65,0.25,0.76,2.75,3.84,3.23,5.81,9.04,3.88,0.93,0.93,2.57,3.44,14.79,0.553,0.333,0.715
483,52,17896063,2022,15:33,1.6,2.06,0.0,0.02,0.23,0.31,1.9,2.75,4.65,0.48,0.29,0.54,0.52,1.85,3.42,0.776,0.0,0.75
484,9,17896064,2022,5:33,0.33,1.56,0.33,1.33,0.0,0.0,0.0,0.44,0.44,0.33,0.0,0.0,0.11,0.33,1.0,0.214,0.25,0.0
485,78,17896065,2022,31:20,7.08,14.78,1.01,3.14,1.46,1.97,1.96,5.9,7.86,6.19,0.74,0.41,2.76,1.83,16.63,0.479,0.322,0.74
486,77,17896067,2022,21:51,3.21,6.82,1.22,3.45,1.4,1.87,1.1,3.71,4.82,1.26,0.58,0.62,0.78,1.86,9.04,0.47,0.353,0.75
487,75,17896070,2022,12:58,1.15,2.36,0.32,0.79,0.39,0.63,1.6,2.49,4.09,0.87,0.59,0.39,0.63,1.8,3.0,0.486,0.407,0.617
488,52,17896071,2022,22:58,2.31,5.54,1.42,3.9,0.62,0.75,0.54,2.21,2.75,0.79,0.54,0.54,0.58,1.98,6.65,0.417,0.365,0.821
489,6,38017656,2022,5:10,0.67,2.0,0.17,0.5,0.83,1.5,0.33,0.33,0.67,0.33,0.33,0.33,0.33,0.5,2.33,0.333,0.333,0.556
490,53,17896073,2022,23:31,3.51,8.38,1.25,3.81,1.62,2.25,1.04,2.0,3.04,2.92,1.26,0.51,1.77,2.26,9.89,0.419,0.327,0.723
491,27,17896074,2022,12:24,1.7,3.63,0.33,1.04,0.48,0.7,0.33,1.41,1.74,2.15,0.3,0.19,0.7,0.89,4.22,0.469,0.321,0.684
492,12,17896075,2022,33:15,7.75,18.67,1.42,5.08,3.0,3.58,1.0,5.17,6.17,6.0,0.83,0.58,3.25,2.83,19.92,0.415,0.279,0.837
493,79,17896076,2022,34:25,6.65,11.99,0.28,1.29,2.59,3.85,2.37,6.63,9.0,2.84,0.76,1.51,1.86,2.76,16.16,0.554,0.216,0.674
494,72,17896078,2022,18:26,2.64,5.13,0.67,1.71,0.86,1.03,0.96,2.0,2.96,1.11,0.56,0.21,0.76,1.58,6.81,0.515,0.39,0.838
495,12,38017662,2022,7:05,1.0,2.33,0.25,0.67,0.33,0.33,0.33,1.33,1.67,0.25,0.33,0.25,0.08,0.67,2.58,0.429,0.375,1.0
496,31,17896089,2022,12:40,3.03,8.26,1.29,3.58,0.52,0.77,0.06,1.1,1.16,2.03,0.19,0.13,1.1,0.74,7.87,0.367,0.36,0.667
497,59,38017677,2022,17:38,1.47,3.53,0.46,1.46,0.44,0.68,0.61,2.58,3.19,2.27,0.75,0.2,0.97,1.68,3.85,0.418,0.314,0.65
498,48,38017679,2022,14:45,3.04,6.94,1.31,3.25,1.35,1.65,0.23,1.63,1.85,1.35,0.35,0.15,0.96,1.33,8.75,0.438,0.404,0.823
499,9,24572055,2022,12:33,1.67,3.33,0.11,0.89,0.56,0.78,1.33,2.11,3.44,0.44,0.11,0.56,0.44,1.89,4.0,0.5,0.125,0.714
500,74,38017682,2022,31:05,5.53,13.28,1.62,4.73,3.59,4.81,0.99,2.91,3.89,5.23,0.82,0.23,3.2,3.27,16.27,0.416,0.343,0.747
501,72,38017683,2022,33:45,6.65,15.58,1.18,3.96,5.47,7.42,1.17,5.74,6.9,3.74,0.83,0.54,2.78,2.22,19.96,0.427,0.298,0.738
502,79,38017684,2022,31:01,4.61,11.29,1.52,4.95,2.05,2.61,1.54,5.66,7.2,1.28,0.54,0.94,1.32,2.87,12.78,0.408,0.307,0.786
503,78,38017686,2022,28:30,5.29,12.19,1.28,3.97,4.82,5.82,1.12,2.96,4.08,1.49,0.62,0.17,1.95,2.08,16.69,0.434,0.323,0.828
504,28,38017687,2022,15:06,2.36,6.11,0.61,2.5,0.5,0.96,0.36,1.96,2.32,1.0,0.36,0.29,0.61,1.71,5.82,0.386,0.243,0.519
505,80,38017688,2022,29:45,4.43,9.78,2.58,6.26,0.78,1.01,1.11,3.53,4.64,1.23,0.76,0.53,0.75,2.03,12.2,0.453,0.411,0.765
506,31,38017691,2022,14:00,1.87,5.16,0.61,2.58,0.32,0.58,0.06,1.39,1.45,1.52,0.48,0.06,0.45,0.94,4.68,0.363,0.238,0.556
507,66,38017692,2022,23:30,4.08,9.26,1.17,3.86,0.88,1.06,0.42,2.32,2.74,1.89,0.5,0.11,1.15,1.74,10.2,0.44,0.302,0.829
508,37,38017693,2022,18:04,1.86,5.81,0.54,1.41,0.7,1.19,0.32,1.89,2.22,2.65,0.68,0.14,1.76,1.81,4.97,0.321,0.385,0.591
509,67,38017694,2022,24:59,3.85,5.94,0.0,0.03,1.43,2.34,3.42,5.46,8.88,1.12,0.66,0.88,1.37,2.72,9.13,0.648,0.0,0.611
510,82,38017695,2022,21:34,3.61,8.05,0.72,2.1,1.33,1.77,2.38,3.67,6.05,1.07,1.17,0.57,1.23,2.3,9.27,0.448,0.343,0.752
511,15,38017696,2022,13:40,1.87,4.6,0.53,2.33,1.2,1.27,0.6,1.47,2.07,0.67,0.47,0.13,0.67,1.27,5.47,0.406,0.229,0.947
512,41,38017697,2022,12:32,1.07,2.59,0.63,1.51,0.34,0.39,0.17,1.66,1.83,0.51,0.22,0.17,0.32,0.8,3.12,0.415,0.419,0.875
513,43,38017698,2022,19:19,3.72,5.84,0.0,0.0,1.56,2.26,2.16,4.91,7.07,0.42,0.65,1.05,0.93,2.19,9.0,0.637,0.0,0.691
514,56,38017699,2022,25:58,4.46,9.86,0.59,2.39,1.45,2.07,1.7,3.57,5.27,2.54,0.77,0.41,1.73,2.46,10.96,0.453,0.246,0.698
515,30,38017700,2022,5:14,0.6,1.43,0.07,0.57,0.13,0.17,0.13,0.47,0.6,0.6,0.27,0.17,0.27,0.43,1.4,0.419,0.118,0.8
516,74,38017705,2022,23:01,4.03,5.59,0.01,0.04,1.11,2.15,3.12,5.26,8.38,0.93,0.35,2.35,0.78,2.28,9.18,0.72,0.333,0.516
517,51,38017706,2022,19:02,2.12,4.86,0.96,2.43,0.76,1.1,0.92,4.08,5.0,1.65,0.57,0.27,0.75,2.31,5.96,0.435,0.395,0.696
518,58,38017710,2022,13:48,1.24,2.59,0.02,0.21,0.64,1.02,1.45,1.5,2.95,0.53,0.36,0.98,0.34,2.21,3.14,0.48,0.083,0.627
519,56,38017711,2022,11:05,1.48,3.54,0.29,1.0,0.61,0.8,0.86,1.48,2.34,0.61,0.18,0.23,0.52,1.21,3.86,0.419,0.286,0.756
520,12,38017712,2022,5:10,0.58,1.67,0.25,0.75,0.5,0.5,0.25,0.75,1.0,0.5,0.08,0.08,1.33,0.83,1.92,0.35,0.333,1.0
521,16,38017714,2022,4:18,0.44,1.0,0.38,0.75,0.25,0.44,0.25,0.31,0.56,0.38,0.31,0.06,0.06,0.63,1.5,0.438,0.5,0.571
522,16,38017715,2022,6:18,1.25,2.38,0.19,0.44,0.63,0.63,0.31,1.25,1.56,0.31,0.25,0.38,0.19,0.63,3.31,0.526,0.429,1.0
523,40,38017716,2022,14:22,1.95,4.65,0.65,2.48,0.38,0.58,0.48,2.2,2.68,1.15,0.35,0.18,0.65,1.08,4.93,0.419,0.263,0.652
524,14,42097199,2022,14:08,1.21,3.14,0.36,1.43,0.43,0.43,0.79,1.86,2.64,0.29,0.29,0.07,0.21,1.64,3.21,0.386,0.25,1.0
525,9,38017717,2022,5:26,0.89,1.78,0.33,1.0,0.11,0.11,0.33,0.44,0.78,0.44,0.0,0.11,0.0,0.33,2.22,0.5,0.333,1.0
526,5,38017726,2022,2:36,0.4,1.0,0.0,0.0,0.0,0.0,0.2,0.0,0.2,0.0,0.0,0.0,0.0,0.2,0.8,0.4,0.0,0.0
527,35,38017728,2022,11:49,1.06,2.71,0.69,2.03,0.2,0.26,0.54,1.23,1.77,0.6,0.37,0.11,0.51,1.4,3.0,0.389,0.338,0.778
528,70,38017729,2022,18:00,2.57,6.0,0.93,3.03,0.59,0.93,0.71,2.04,2.76,0.84,0.43,0.27,0.81,1.53,6.66,0.429,0.307,0.631
529,28,38017730,2022,14:30,1.64,3.07,0.0,0.14,0.64,0.89,1.68,2.0,3.68,0.86,0.36,0.68,0.54,2.0,3.93,0.535,0.0,0.72
530,9,44477085,2022,15:00,2.11,4.67,0.11,1.33,1.89,2.44,0.22,0.67,0.89,1.67,0.44,0.11,0.44,1.11,6.22,0.452,0.083,0.773
531,15,38017731,2022,7:08,0.8,2.67,0.27,1.87,0.13,0.13,0.27,0.73,1.0,0.27,0.4,0.13,0.33,0.8,2.0,0.3,0.143,1.0
532,24,38017732,2022,7:22,2.04,3.88,0.25,0.71,0.67,1.13,0.79,1.33,2.13,0.83,0.21,0.08,0.5,1.17,5.0,0.527,0.353,0.593
533,35,38017733,2022,9:54,1.51,3.57,1.26,3.0,0.11,0.11,0.17,1.11,1.29,0.63,0.17,0.0,0.26,0.89,4.4,0.424,0.419,1.0
534,18,38017734,2022,13:26,2.06,3.67,0.39,1.11,0.94,1.22,0.83,2.06,2.89,0.67,0.67,0.06,0.39,1.17,5.44,0.561,0.35,0.773
535,17,38017735,2022,3:56,0.47,1.12,0.18,0.53,0.12,0.18,0.35,0.65,1.0,0.24,0.18,0.12,0.12,0.53,1.24,0.421,0.333,0.667
536,7,38017736,2022,5:51,0.43,1.29,0.43,1.14,0.0,0.0,0.14,0.86,1.0,0.57,0.0,0.0,0.0,0.43,1.29,0.333,0.375,0.0
537,5,38017737,2022,6:00,0.4,1.8,0.4,1.6,0.6,0.6,0.0,0.0,0.0,0.6,0.0,0.0,0.2,0.2,1.8,0.222,0.25,1.0
538,52,38017739,2022,14:47,2.21,6.0,1.21,3.67,0.67,0.85,0.6,1.06,1.65,0.81,0.29,0.15,0.75,1.19,6.31,0.369,0.33,0.795
539,2,43516144,2022,2:30,1.0,2.5,0.0,1.0,0.0,0.0,0.0,1.0,1.0,0.0,0.0,0.0,0.0,0.0,2.0,0.4,0.0,0.0
